This is pdfTeX, Version 3.141592653-2.6-1.40.25 (TeX Live 2023/Debian) (preloaded format=pdflatex 2026.9.15)  22 SEP 2026 20:03
entering extended mode
 restricted \write18 enabled.
 file:line:error style messages enabled.
 %&-line parsing enabled.
**/home/vdin/ISEL/TFM/tfm-isel-2627/report/template.tex
(/home/vdin/ISEL/TFM/tfm-isel-2627/report/template.tex
LaTeX2e <2023-11-01> patch level 1
L3 programming layer <2024-01-22>
(./iselreport.cls

LaTeX Warning: You have requested document class `iselreport',
               but the document class provides `reportisel'.

Document Class: reportisel 2012/10/09 ISEL report template
(/usr/share/texlive/texmf-dist/tex/latex/base/book.cls
Document Class: book 2023/05/17 v1.4n Standard LaTeX document class
(/usr/share/texlive/texmf-dist/tex/latex/base/bk10.clo
File: bk10.clo 2023/05/17 v1.4n Standard LaTeX file (size option)
)
\c@part=\count187
\c@chapter=\count188
\c@section=\count189
\c@subsection=\count190
\c@subsubsection=\count191
\c@paragraph=\count192
\c@subparagraph=\count193
\c@figure=\count194
\c@table=\count195
\abovecaptionskip=\skip48
\belowcaptionskip=\skip49
\bibindent=\dimen140
) (/usr/share/texlive/texmf-dist/tex/latex/hyperref/hyperref.sty
Package: hyperref 2024-01-20 v7.01h Hypertext links for LaTeX
 (/usr/share/texlive/texmf-dist/tex/generic/iftex/iftex.sty
Package: iftex 2022/02/03 v1.0f TeX engine tests
) (/usr/share/texlive/texmf-dist/tex/latex/graphics/keyval.sty
Package: keyval 2022/05/29 v1.15 key=value parser (DPC)
\KV@toks@=\toks17
) (/usr/share/texlive/texmf-dist/tex/latex/kvsetkeys/kvsetkeys.sty
Package: kvsetkeys 2022-10-05 v1.19 Key value parser (HO)
) (/usr/share/texlive/texmf-dist/tex/generic/kvdefinekeys/kvdefinekeys.sty
Package: kvdefinekeys 2019-12-19 v1.6 Define keys (HO)
) (/usr/share/texlive/texmf-dist/tex/generic/pdfescape/pdfescape.sty
Package: pdfescape 2019/12/09 v1.15 Implements pdfTeX's escape features (HO)
 (/usr/share/texlive/texmf-dist/tex/generic/ltxcmds/ltxcmds.sty
Package: ltxcmds 2023-12-04 v1.26 LaTeX kernel commands for general use (HO)
) (/usr/share/texlive/texmf-dist/tex/generic/pdftexcmds/pdftexcmds.sty
Package: pdftexcmds 2020-06-27 v0.33 Utility functions of pdfTeX for LuaTeX (HO)
 (/usr/share/texlive/texmf-dist/tex/generic/infwarerr/infwarerr.sty
Package: infwarerr 2019/12/03 v1.5 Providing info/warning/error messages (HO)
)
Package pdftexcmds Info: \pdf@primitive is available.
Package pdftexcmds Info: \pdf@ifprimitive is available.
Package pdftexcmds Info: \pdfdraftmode found.
)) (/usr/share/texlive/texmf-dist/tex/latex/hycolor/hycolor.sty
Package: hycolor 2020-01-27 v1.10 Color options for hyperref/bookmark (HO)
) (/usr/share/texlive/texmf-dist/tex/latex/auxhook/auxhook.sty
Package: auxhook 2019-12-17 v1.6 Hooks for auxiliary files (HO)
) (/usr/share/texlive/texmf-dist/tex/latex/hyperref/nameref.sty
Package: nameref 2023-11-26 v2.56 Cross-referencing by name of section
 (/usr/share/texlive/texmf-dist/tex/latex/refcount/refcount.sty
Package: refcount 2019/12/15 v3.6 Data extraction from label references (HO)
) (/usr/share/texlive/texmf-dist/tex/generic/gettitlestring/gettitlestring.sty
Package: gettitlestring 2019/12/15 v1.6 Cleanup title references (HO)
 (/usr/share/texlive/texmf-dist/tex/latex/kvoptions/kvoptions.sty
Package: kvoptions 2022-06-15 v3.15 Key value format for package options (HO)
))
\c@section@level=\count196
) (/usr/share/texlive/texmf-dist/tex/latex/etoolbox/etoolbox.sty
Package: etoolbox 2020/10/05 v2.5k e-TeX tools for LaTeX (JAW)
\etb@tempcnta=\count197
)
\@linkdim=\dimen141
\Hy@linkcounter=\count198
\Hy@pagecounter=\count199
 (/usr/share/texlive/texmf-dist/tex/latex/hyperref/pd1enc.def
File: pd1enc.def 2024-01-20 v7.01h Hyperref: PDFDocEncoding definition (HO)
Now handling font encoding PD1 ...
... no UTF-8 mapping file for font encoding PD1
) (/usr/share/texlive/texmf-dist/tex/generic/intcalc/intcalc.sty
Package: intcalc 2019/12/15 v1.3 Expandable calculations with integers (HO)
)
\Hy@SavedSpaceFactor=\count266
 (/usr/share/texlive/texmf-dist/tex/latex/hyperref/puenc.def
File: puenc.def 2024-01-20 v7.01h Hyperref: PDF Unicode definition (HO)
Now handling font encoding PU ...
... no UTF-8 mapping file for font encoding PU
)
Package hyperref Info: Option `breaklinks' set `true' on input line 4062.
Package hyperref Info: Option `colorlinks' set `true' on input line 4062.
Package hyperref Info: Option `pdfdisplaydoctitle' set `true' on input line 4062.
Package hyperref Info: Hyper figures OFF on input line 4179.
Package hyperref Info: Link nesting OFF on input line 4184.
Package hyperref Info: Hyper index ON on input line 4187.
Package hyperref Info: Plain pages OFF on input line 4194.
Package hyperref Info: Backreferencing OFF on input line 4199.
Package hyperref Info: Implicit mode ON; LaTeX internals redefined.
Package hyperref Info: Bookmarks ON on input line 4446.
\c@Hy@tempcnt=\count267
 (/usr/share/texlive/texmf-dist/tex/latex/url/url.sty
\Urlmuskip=\muskip16
Package: url 2013/09/16  ver 3.4  Verb mode for urls, etc.
)
LaTeX Info: Redefining \url on input line 4784.
\XeTeXLinkMargin=\dimen142
 (/usr/share/texlive/texmf-dist/tex/generic/bitset/bitset.sty
Package: bitset 2019/12/09 v1.3 Handle bit-vector datatype (HO)
 (/usr/share/texlive/texmf-dist/tex/generic/bigintcalc/bigintcalc.sty
Package: bigintcalc 2019/12/15 v1.5 Expandable calculations on big integers (HO)
))
\Fld@menulength=\count268
\Field@Width=\dimen143
\Fld@charsize=\dimen144
Package hyperref Info: Hyper figures OFF on input line 6063.
Package hyperref Info: Link nesting OFF on input line 6068.
Package hyperref Info: Hyper index ON on input line 6071.
Package hyperref Info: backreferencing OFF on input line 6078.
Package hyperref Info: Link coloring ON on input line 6081.
Package hyperref Info: Link coloring with OCG OFF on input line 6088.
Package hyperref Info: PDF/A mode OFF on input line 6093.
 (/usr/share/texlive/texmf-dist/tex/latex/base/atbegshi-ltx.sty
Package: atbegshi-ltx 2021/01/10 v1.0c Emulation of the original atbegshi
package with kernel methods
)
\Hy@abspage=\count269
\c@Item=\count270
\c@Hfootnote=\count271
)
Package hyperref Info: Driver (autodetected): hpdftex.
 (/usr/share/texlive/texmf-dist/tex/latex/hyperref/hpdftex.def
File: hpdftex.def 2024-01-20 v7.01h Hyperref driver for pdfTeX
 (/usr/share/texlive/texmf-dist/tex/latex/base/atveryend-ltx.sty
Package: atveryend-ltx 2020/08/19 v1.0a Emulation of the original atveryend package
with kernel methods
)
\Fld@listcount=\count272
\c@bookmark@seq@number=\count273
 (/usr/share/texlive/texmf-dist/tex/latex/rerunfilecheck/rerunfilecheck.sty
Package: rerunfilecheck 2022-07-10 v1.10 Rerun checks for auxiliary files (HO)
 (/usr/share/texlive/texmf-dist/tex/generic/uniquecounter/uniquecounter.sty
Package: uniquecounter 2019/12/15 v1.4 Provide unlimited unique counter (HO)
)
Package uniquecounter Info: New unique counter `rerunfilecheck' on input line 285.
)
\Hy@SectionHShift=\skip50
) (/usr/share/texlive/texmf-dist/tex/latex/geometry/geometry.sty
Package: geometry 2020/01/02 v5.9 Page Geometry
 (/usr/share/texlive/texmf-dist/tex/generic/iftex/ifvtex.sty
Package: ifvtex 2019/10/25 v1.7 ifvtex legacy package. Use iftex instead.
)
\Gm@cnth=\count274
\Gm@cntv=\count275
\c@Gm@tempcnt=\count276
\Gm@bindingoffset=\dimen145
\Gm@wd@mp=\dimen146
\Gm@odd@mp=\dimen147
\Gm@even@mp=\dimen148
\Gm@layoutwidth=\dimen149
\Gm@layoutheight=\dimen150
\Gm@layouthoffset=\dimen151
\Gm@layoutvoffset=\dimen152
\Gm@dimlist=\toks18
) (/usr/share/texlive/texmf-dist/tex/latex/base/inputenc.sty
Package: inputenc 2021/02/14 v1.3d Input encoding file
\inpenc@prehook=\toks19
\inpenc@posthook=\toks20
) (/usr/share/texlive/texmf-dist/tex/latex/base/fontenc.sty
Package: fontenc 2021/04/29 v2.0v Standard LaTeX package
) (/usr/share/texlive/texmf-dist/tex/latex/txfonts/txfonts.sty
Package: txfonts 2008/01/22 v3.2.1
LaTeX Font Info:    Redeclaring symbol font `operators' on input line 21.
LaTeX Font Info:    Overwriting symbol font `operators' in version `normal'
(Font)                  OT1/cmr/m/n --> OT1/txr/m/n on input line 21.
LaTeX Font Info:    Overwriting symbol font `operators' in version `bold'
(Font)                  OT1/cmr/bx/n --> OT1/txr/m/n on input line 21.
LaTeX Font Info:    Overwriting symbol font `operators' in version `bold'
(Font)                  OT1/txr/m/n --> OT1/txr/bx/n on input line 22.
\symitalic=\mathgroup4
LaTeX Font Info:    Overwriting symbol font `italic' in version `bold'
(Font)                  OT1/txr/m/it --> OT1/txr/bx/it on input line 26.
LaTeX Font Info:    Redeclaring math alphabet \mathbf on input line 29.
LaTeX Font Info:    Overwriting math alphabet `\mathbf' in version `normal'
(Font)                  OT1/cmr/bx/n --> OT1/txr/bx/n on input line 29.
LaTeX Font Info:    Overwriting math alphabet `\mathbf' in version `bold'
(Font)                  OT1/cmr/bx/n --> OT1/txr/bx/n on input line 29.
LaTeX Font Info:    Redeclaring math alphabet \mathit on input line 30.
LaTeX Font Info:    Overwriting math alphabet `\mathit' in version `normal'
(Font)                  OT1/cmr/m/it --> OT1/txr/m/it on input line 30.
LaTeX Font Info:    Overwriting math alphabet `\mathit' in version `bold'
(Font)                  OT1/cmr/bx/it --> OT1/txr/m/it on input line 30.
LaTeX Font Info:    Overwriting math alphabet `\mathit' in version `bold'
(Font)                  OT1/txr/m/it --> OT1/txr/bx/it on input line 31.
LaTeX Font Info:    Redeclaring math alphabet \mathsf on input line 40.
LaTeX Font Info:    Overwriting math alphabet `\mathsf' in version `normal'
(Font)                  OT1/cmss/m/n --> OT1/txss/m/n on input line 40.
LaTeX Font Info:    Overwriting math alphabet `\mathsf' in version `bold'
(Font)                  OT1/cmss/bx/n --> OT1/txss/m/n on input line 40.
LaTeX Font Info:    Overwriting math alphabet `\mathsf' in version `bold'
(Font)                  OT1/txss/m/n --> OT1/txss/b/n on input line 41.
LaTeX Font Info:    Redeclaring math alphabet \mathtt on input line 50.
LaTeX Font Info:    Overwriting math alphabet `\mathtt' in version `normal'
(Font)                  OT1/cmtt/m/n --> OT1/txtt/m/n on input line 50.
LaTeX Font Info:    Overwriting math alphabet `\mathtt' in version `bold'
(Font)                  OT1/cmtt/m/n --> OT1/txtt/m/n on input line 50.
LaTeX Font Info:    Overwriting math alphabet `\mathtt' in version `bold'
(Font)                  OT1/txtt/m/n --> OT1/txtt/b/n on input line 51.
LaTeX Font Info:    Redeclaring symbol font `letters' on input line 58.
LaTeX Font Info:    Overwriting symbol font `letters' in version `normal'
(Font)                  OML/cmm/m/it --> OML/txmi/m/it on input line 58.
LaTeX Font Info:    Overwriting symbol font `letters' in version `bold'
(Font)                  OML/cmm/b/it --> OML/txmi/m/it on input line 58.
LaTeX Font Info:    Overwriting symbol font `letters' in version `bold'
(Font)                  OML/txmi/m/it --> OML/txmi/bx/it on input line 59.
\symlettersA=\mathgroup5
LaTeX Font Info:    Overwriting symbol font `lettersA' in version `bold'
(Font)                  U/txmia/m/it --> U/txmia/bx/it on input line 67.
LaTeX Font Info:    Redeclaring symbol font `symbols' on input line 77.
LaTeX Font Info:    Overwriting symbol font `symbols' in version `normal'
(Font)                  OMS/cmsy/m/n --> OMS/txsy/m/n on input line 77.
LaTeX Font Info:    Overwriting symbol font `symbols' in version `bold'
(Font)                  OMS/cmsy/b/n --> OMS/txsy/m/n on input line 77.
LaTeX Font Info:    Overwriting symbol font `symbols' in version `bold'
(Font)                  OMS/txsy/m/n --> OMS/txsy/bx/n on input line 78.
\symAMSa=\mathgroup6
LaTeX Font Info:    Overwriting symbol font `AMSa' in version `bold'
(Font)                  U/txsya/m/n --> U/txsya/bx/n on input line 94.
\symAMSb=\mathgroup7
LaTeX Font Info:    Overwriting symbol font `AMSb' in version `bold'
(Font)                  U/txsyb/m/n --> U/txsyb/bx/n on input line 103.
\symsymbolsC=\mathgroup8
LaTeX Font Info:    Overwriting symbol font `symbolsC' in version `bold'
(Font)                  U/txsyc/m/n --> U/txsyc/bx/n on input line 113.
LaTeX Font Info:    Redeclaring symbol font `largesymbols' on input line 120.
LaTeX Font Info:    Overwriting symbol font `largesymbols' in version `normal'
(Font)                  OMX/cmex/m/n --> OMX/txex/m/n on input line 120.
LaTeX Font Info:    Overwriting symbol font `largesymbols' in version `bold'
(Font)                  OMX/cmex/m/n --> OMX/txex/m/n on input line 120.
LaTeX Font Info:    Overwriting symbol font `largesymbols' in version `bold'
(Font)                  OMX/txex/m/n --> OMX/txex/bx/n on input line 121.
\symlargesymbolsA=\mathgroup9
LaTeX Font Info:    Overwriting symbol font `largesymbolsA' in version `bold'
(Font)                  U/txexa/m/n --> U/txexa/bx/n on input line 129.
LaTeX Font Info:    Redeclaring math symbol \mathsterling on input line 164.
LaTeX Font Info:    Redeclaring math symbol \hbar on input line 591.
LaTeX Info: Redefining \not on input line 1043.
) (/usr/share/texlive/texmf-dist/tex/latex/amsmath/amsmath.sty
Package: amsmath 2023/05/13 v2.17o AMS math features
\@mathmargin=\skip51

For additional information on amsmath, use the `?' option.
(/usr/share/texlive/texmf-dist/tex/latex/amsmath/amstext.sty
Package: amstext 2021/08/26 v2.01 AMS text
 (/usr/share/texlive/texmf-dist/tex/latex/amsmath/amsgen.sty
File: amsgen.sty 1999/11/30 v2.0 generic functions
\@emptytoks=\toks21
\ex@=\dimen153
)) (/usr/share/texlive/texmf-dist/tex/latex/amsmath/amsbsy.sty
Package: amsbsy 1999/11/29 v1.2d Bold Symbols
\pmbraise@=\dimen154
) (/usr/share/texlive/texmf-dist/tex/latex/amsmath/amsopn.sty
Package: amsopn 2022/04/08 v2.04 operator names
)
\inf@bad=\count277
LaTeX Info: Redefining \frac on input line 234.
\uproot@=\count278
\leftroot@=\count279
LaTeX Info: Redefining \overline on input line 399.
LaTeX Info: Redefining \colon on input line 410.
\classnum@=\count280
\DOTSCASE@=\count281
LaTeX Info: Redefining \ldots on input line 496.
LaTeX Info: Redefining \dots on input line 499.
LaTeX Info: Redefining \cdots on input line 620.
\Mathstrutbox@=\box51
\strutbox@=\box52
LaTeX Info: Redefining \big on input line 722.
LaTeX Info: Redefining \Big on input line 723.
LaTeX Info: Redefining \bigg on input line 724.
LaTeX Info: Redefining \Bigg on input line 725.
\big@size=\dimen155
LaTeX Font Info:    Redeclaring font encoding OML on input line 743.
LaTeX Font Info:    Redeclaring font encoding OMS on input line 744.
\macc@depth=\count282
LaTeX Info: Redefining \bmod on input line 905.
LaTeX Info: Redefining \pmod on input line 910.
LaTeX Info: Redefining \smash on input line 940.
LaTeX Info: Redefining \relbar on input line 970.
LaTeX Info: Redefining \Relbar on input line 971.
\c@MaxMatrixCols=\count283
\dotsspace@=\muskip17
\c@parentequation=\count284
\dspbrk@lvl=\count285
\tag@help=\toks22
\row@=\count286
\column@=\count287
\maxfields@=\count288
\andhelp@=\toks23
\eqnshift@=\dimen156
\alignsep@=\dimen157
\tagshift@=\dimen158
\tagwidth@=\dimen159
\totwidth@=\dimen160
\lineht@=\dimen161
\@envbody=\toks24
\multlinegap=\skip52
\multlinetaggap=\skip53
\mathdisplay@stack=\toks25
LaTeX Info: Redefining \[ on input line 2953.
LaTeX Info: Redefining \] on input line 2954.
) (/usr/share/texlive/texmf-dist/tex/latex/amsfonts/amssymb.sty
Package: amssymb 2013/01/14 v3.01 AMS font symbols
 (/usr/share/texlive/texmf-dist/tex/latex/amsfonts/amsfonts.sty
Package: amsfonts 2013/01/14 v3.01 Basic AMSFonts support
LaTeX Font Info:    Redeclaring symbol font `AMSa' on input line 59.
LaTeX Font Info:    Overwriting symbol font `AMSa' in version `normal'
(Font)                  U/txsya/m/n --> U/msa/m/n on input line 59.
LaTeX Font Info:    Overwriting symbol font `AMSa' in version `bold'
(Font)                  U/txsya/bx/n --> U/msa/m/n on input line 59.
LaTeX Font Info:    Redeclaring symbol font `AMSb' on input line 60.
LaTeX Font Info:    Overwriting symbol font `AMSb' in version `normal'
(Font)                  U/txsyb/m/n --> U/msb/m/n on input line 60.
LaTeX Font Info:    Overwriting symbol font `AMSb' in version `bold'
(Font)                  U/txsyb/bx/n --> U/msb/m/n on input line 60.
LaTeX Font Info:    Redeclaring math delimiter \ulcorner on input line 74.
LaTeX Font Info:    Redeclaring math delimiter \urcorner on input line 75.
LaTeX Font Info:    Redeclaring math delimiter \llcorner on input line 76.
LaTeX Font Info:    Redeclaring math delimiter \lrcorner on input line 77.
LaTeX Font Info:    Redeclaring math symbol \square on input line 141.
LaTeX Font Info:    Redeclaring math symbol \lozenge on input line 142.
)
LaTeX Font Info:    Redeclaring math symbol \boxdot on input line 44.
LaTeX Font Info:    Redeclaring math symbol \boxplus on input line 45.
LaTeX Font Info:    Redeclaring math symbol \boxtimes on input line 46.
LaTeX Font Info:    Redeclaring math symbol \blacksquare on input line 48.
LaTeX Font Info:    Redeclaring math symbol \centerdot on input line 49.
LaTeX Font Info:    Redeclaring math symbol \blacklozenge on input line 51.
LaTeX Font Info:    Redeclaring math symbol \circlearrowright on input line 52.
LaTeX Font Info:    Redeclaring math symbol \circlearrowleft on input line 53.
LaTeX Font Info:    Redeclaring math symbol \leftrightharpoons on input line 56.
LaTeX Font Info:    Redeclaring math symbol \boxminus on input line 57.
LaTeX Font Info:    Redeclaring math symbol \Vdash on input line 58.
LaTeX Font Info:    Redeclaring math symbol \Vvdash on input line 59.
LaTeX Font Info:    Redeclaring math symbol \vDash on input line 60.
LaTeX Font Info:    Redeclaring math symbol \twoheadrightarrow on input line 61.
LaTeX Font Info:    Redeclaring math symbol \twoheadleftarrow on input line 62.
LaTeX Font Info:    Redeclaring math symbol \leftleftarrows on input line 63.
LaTeX Font Info:    Redeclaring math symbol \rightrightarrows on input line 64.
LaTeX Font Info:    Redeclaring math symbol \upuparrows on input line 65.
LaTeX Font Info:    Redeclaring math symbol \downdownarrows on input line 66.
LaTeX Font Info:    Redeclaring math symbol \upharpoonright on input line 67.
LaTeX Font Info:    Redeclaring math symbol \downharpoonright on input line 69.
LaTeX Font Info:    Redeclaring math symbol \upharpoonleft on input line 70.
LaTeX Font Info:    Redeclaring math symbol \downharpoonleft on input line 71.
LaTeX Font Info:    Redeclaring math symbol \rightarrowtail on input line 72.
LaTeX Font Info:    Redeclaring math symbol \leftarrowtail on input line 73.
LaTeX Font Info:    Redeclaring math symbol \leftrightarrows on input line 74.
LaTeX Font Info:    Redeclaring math symbol \rightleftarrows on input line 75.
LaTeX Font Info:    Redeclaring math symbol \Lsh on input line 76.
LaTeX Font Info:    Redeclaring math symbol \Rsh on input line 77.
LaTeX Font Info:    Redeclaring math symbol \leftrightsquigarrow on input line 79.
LaTeX Font Info:    Redeclaring math symbol \looparrowleft on input line 80.
LaTeX Font Info:    Redeclaring math symbol \looparrowright on input line 81.
LaTeX Font Info:    Redeclaring math symbol \circeq on input line 82.
LaTeX Font Info:    Redeclaring math symbol \succsim on input line 83.
LaTeX Font Info:    Redeclaring math symbol \gtrsim on input line 84.
LaTeX Font Info:    Redeclaring math symbol \gtrapprox on input line 85.
LaTeX Font Info:    Redeclaring math symbol \multimap on input line 86.
LaTeX Font Info:    Redeclaring math symbol \therefore on input line 87.
LaTeX Font Info:    Redeclaring math symbol \because on input line 88.
LaTeX Font Info:    Redeclaring math symbol \doteqdot on input line 89.
LaTeX Font Info:    Redeclaring math symbol \triangleq on input line 91.
LaTeX Font Info:    Redeclaring math symbol \precsim on input line 92.
LaTeX Font Info:    Redeclaring math symbol \lesssim on input line 93.
LaTeX Font Info:    Redeclaring math symbol \lessapprox on input line 94.
LaTeX Font Info:    Redeclaring math symbol \eqslantless on input line 95.
LaTeX Font Info:    Redeclaring math symbol \eqslantgtr on input line 96.
LaTeX Font Info:    Redeclaring math symbol \curlyeqprec on input line 97.
LaTeX Font Info:    Redeclaring math symbol \curlyeqsucc on input line 98.
LaTeX Font Info:    Redeclaring math symbol \preccurlyeq on input line 99.
LaTeX Font Info:    Redeclaring math symbol \leqq on input line 100.
LaTeX Font Info:    Redeclaring math symbol \leqslant on input line 101.
LaTeX Font Info:    Redeclaring math symbol \lessgtr on input line 102.
LaTeX Font Info:    Redeclaring math symbol \backprime on input line 103.
LaTeX Font Info:    Redeclaring math symbol \risingdotseq on input line 104.
LaTeX Font Info:    Redeclaring math symbol \fallingdotseq on input line 105.
LaTeX Font Info:    Redeclaring math symbol \succcurlyeq on input line 106.
LaTeX Font Info:    Redeclaring math symbol \geqq on input line 107.
LaTeX Font Info:    Redeclaring math symbol \geqslant on input line 108.
LaTeX Font Info:    Redeclaring math symbol \gtrless on input line 109.
LaTeX Font Info:    Redeclaring math symbol \bigstar on input line 117.
LaTeX Font Info:    Redeclaring math symbol \between on input line 118.
LaTeX Font Info:    Redeclaring math symbol \blacktriangledown on input line 119.
LaTeX Font Info:    Redeclaring math symbol \blacktriangleright on input line 120.
LaTeX Font Info:    Redeclaring math symbol \blacktriangleleft on input line 121.
LaTeX Font Info:    Redeclaring math symbol \vartriangle on input line 122.
LaTeX Font Info:    Redeclaring math symbol \blacktriangle on input line 123.
LaTeX Font Info:    Redeclaring math symbol \triangledown on input line 124.
LaTeX Font Info:    Redeclaring math symbol \eqcirc on input line 125.
LaTeX Font Info:    Redeclaring math symbol \lesseqgtr on input line 126.
LaTeX Font Info:    Redeclaring math symbol \gtreqless on input line 127.
LaTeX Font Info:    Redeclaring math symbol \lesseqqgtr on input line 128.
LaTeX Font Info:    Redeclaring math symbol \gtreqqless on input line 129.
LaTeX Font Info:    Redeclaring math symbol \Rrightarrow on input line 130.
LaTeX Font Info:    Redeclaring math symbol \Lleftarrow on input line 131.
LaTeX Font Info:    Redeclaring math symbol \veebar on input line 132.
LaTeX Font Info:    Redeclaring math symbol \barwedge on input line 133.
LaTeX Font Info:    Redeclaring math symbol \doublebarwedge on input line 134.
LaTeX Font Info:    Redeclaring math symbol \measuredangle on input line 137.
LaTeX Font Info:    Redeclaring math symbol \sphericalangle on input line 138.
LaTeX Font Info:    Redeclaring math symbol \varpropto on input line 139.
LaTeX Font Info:    Redeclaring math symbol \smallsmile on input line 140.
LaTeX Font Info:    Redeclaring math symbol \smallfrown on input line 141.
LaTeX Font Info:    Redeclaring math symbol \Subset on input line 142.
LaTeX Font Info:    Redeclaring math symbol \Supset on input line 143.
LaTeX Font Info:    Redeclaring math symbol \Cup on input line 144.
LaTeX Font Info:    Redeclaring math symbol \Cap on input line 146.
LaTeX Font Info:    Redeclaring math symbol \curlywedge on input line 148.
LaTeX Font Info:    Redeclaring math symbol \curlyvee on input line 149.
LaTeX Font Info:    Redeclaring math symbol \leftthreetimes on input line 150.
LaTeX Font Info:    Redeclaring math symbol \rightthreetimes on input line 151.
LaTeX Font Info:    Redeclaring math symbol \subseteqq on input line 152.
LaTeX Font Info:    Redeclaring math symbol \supseteqq on input line 153.
LaTeX Font Info:    Redeclaring math symbol \bumpeq on input line 154.
LaTeX Font Info:    Redeclaring math symbol \Bumpeq on input line 155.
LaTeX Font Info:    Redeclaring math symbol \lll on input line 156.
LaTeX Font Info:    Redeclaring math symbol \ggg on input line 158.
LaTeX Font Info:    Redeclaring math symbol \circledS on input line 160.
LaTeX Font Info:    Redeclaring math symbol \pitchfork on input line 161.
LaTeX Font Info:    Redeclaring math symbol \dotplus on input line 162.
LaTeX Font Info:    Redeclaring math symbol \backsim on input line 163.
LaTeX Font Info:    Redeclaring math symbol \backsimeq on input line 164.
LaTeX Font Info:    Redeclaring math symbol \complement on input line 165.
LaTeX Font Info:    Redeclaring math symbol \intercal on input line 166.
LaTeX Font Info:    Redeclaring math symbol \circledcirc on input line 167.
LaTeX Font Info:    Redeclaring math symbol \circledast on input line 168.
LaTeX Font Info:    Redeclaring math symbol \circleddash on input line 169.
LaTeX Font Info:    Redeclaring math symbol \lvertneqq on input line 171.
LaTeX Font Info:    Redeclaring math symbol \gvertneqq on input line 172.
LaTeX Font Info:    Redeclaring math symbol \nleq on input line 173.
LaTeX Font Info:    Redeclaring math symbol \ngeq on input line 174.
LaTeX Font Info:    Redeclaring math symbol \nless on input line 175.
LaTeX Font Info:    Redeclaring math symbol \ngtr on input line 176.
LaTeX Font Info:    Redeclaring math symbol \nprec on input line 177.
LaTeX Font Info:    Redeclaring math symbol \nsucc on input line 178.
LaTeX Font Info:    Redeclaring math symbol \lneqq on input line 179.
LaTeX Font Info:    Redeclaring math symbol \gneqq on input line 180.
LaTeX Font Info:    Redeclaring math symbol \nleqslant on input line 181.
LaTeX Font Info:    Redeclaring math symbol \ngeqslant on input line 182.
LaTeX Font Info:    Redeclaring math symbol \lneq on input line 183.
LaTeX Font Info:    Redeclaring math symbol \gneq on input line 184.
LaTeX Font Info:    Redeclaring math symbol \npreceq on input line 185.
LaTeX Font Info:    Redeclaring math symbol \nsucceq on input line 186.
LaTeX Font Info:    Redeclaring math symbol \precnsim on input line 187.
LaTeX Font Info:    Redeclaring math symbol \succnsim on input line 188.
LaTeX Font Info:    Redeclaring math symbol \lnsim on input line 189.
LaTeX Font Info:    Redeclaring math symbol \gnsim on input line 190.
LaTeX Font Info:    Redeclaring math symbol \nleqq on input line 191.
LaTeX Font Info:    Redeclaring math symbol \ngeqq on input line 192.
LaTeX Font Info:    Redeclaring math symbol \precneqq on input line 193.
LaTeX Font Info:    Redeclaring math symbol \succneqq on input line 194.
LaTeX Font Info:    Redeclaring math symbol \precnapprox on input line 195.
LaTeX Font Info:    Redeclaring math symbol \succnapprox on input line 196.
LaTeX Font Info:    Redeclaring math symbol \lnapprox on input line 197.
LaTeX Font Info:    Redeclaring math symbol \gnapprox on input line 198.
LaTeX Font Info:    Redeclaring math symbol \nsim on input line 199.
LaTeX Font Info:    Redeclaring math symbol \ncong on input line 200.
LaTeX Font Info:    Redeclaring math symbol \diagup on input line 201.
LaTeX Font Info:    Redeclaring math symbol \diagdown on input line 202.
LaTeX Font Info:    Redeclaring math symbol \varsubsetneq on input line 203.
LaTeX Font Info:    Redeclaring math symbol \varsupsetneq on input line 204.
LaTeX Font Info:    Redeclaring math symbol \nsubseteqq on input line 205.
LaTeX Font Info:    Redeclaring math symbol \nsupseteqq on input line 206.
LaTeX Font Info:    Redeclaring math symbol \subsetneqq on input line 207.
LaTeX Font Info:    Redeclaring math symbol \supsetneqq on input line 208.
LaTeX Font Info:    Redeclaring math symbol \varsubsetneqq on input line 209.
LaTeX Font Info:    Redeclaring math symbol \varsupsetneqq on input line 210.
LaTeX Font Info:    Redeclaring math symbol \subsetneq on input line 211.
LaTeX Font Info:    Redeclaring math symbol \supsetneq on input line 212.
LaTeX Font Info:    Redeclaring math symbol \nsubseteq on input line 213.
LaTeX Font Info:    Redeclaring math symbol \nsupseteq on input line 214.
LaTeX Font Info:    Redeclaring math symbol \nparallel on input line 215.
LaTeX Font Info:    Redeclaring math symbol \nmid on input line 216.
LaTeX Font Info:    Redeclaring math symbol \nshortmid on input line 217.
LaTeX Font Info:    Redeclaring math symbol \nshortparallel on input line 218.
LaTeX Font Info:    Redeclaring math symbol \nvdash on input line 219.
LaTeX Font Info:    Redeclaring math symbol \nVdash on input line 220.
LaTeX Font Info:    Redeclaring math symbol \nvDash on input line 221.
LaTeX Font Info:    Redeclaring math symbol \nVDash on input line 222.
LaTeX Font Info:    Redeclaring math symbol \ntrianglerighteq on input line 223.
LaTeX Font Info:    Redeclaring math symbol \ntrianglelefteq on input line 224.
LaTeX Font Info:    Redeclaring math symbol \ntriangleleft on input line 225.
LaTeX Font Info:    Redeclaring math symbol \ntriangleright on input line 226.
LaTeX Font Info:    Redeclaring math symbol \nleftarrow on input line 227.
LaTeX Font Info:    Redeclaring math symbol \nrightarrow on input line 228.
LaTeX Font Info:    Redeclaring math symbol \nLeftarrow on input line 229.
LaTeX Font Info:    Redeclaring math symbol \nRightarrow on input line 230.
LaTeX Font Info:    Redeclaring math symbol \nLeftrightarrow on input line 231.
LaTeX Font Info:    Redeclaring math symbol \nleftrightarrow on input line 232.
LaTeX Font Info:    Redeclaring math symbol \divideontimes on input line 233.
LaTeX Font Info:    Redeclaring math symbol \varnothing on input line 234.
LaTeX Font Info:    Redeclaring math symbol \nexists on input line 235.
LaTeX Font Info:    Redeclaring math symbol \Finv on input line 236.
LaTeX Font Info:    Redeclaring math symbol \Game on input line 237.
LaTeX Font Info:    Redeclaring math symbol \eth on input line 240.
LaTeX Font Info:    Redeclaring math symbol \eqsim on input line 241.
LaTeX Font Info:    Redeclaring math symbol \beth on input line 242.
LaTeX Font Info:    Redeclaring math symbol \gimel on input line 243.
LaTeX Font Info:    Redeclaring math symbol \daleth on input line 244.
LaTeX Font Info:    Redeclaring math symbol \lessdot on input line 245.
LaTeX Font Info:    Redeclaring math symbol \gtrdot on input line 246.
LaTeX Font Info:    Redeclaring math symbol \ltimes on input line 247.
LaTeX Font Info:    Redeclaring math symbol \rtimes on input line 248.
LaTeX Font Info:    Redeclaring math symbol \shortmid on input line 249.
LaTeX Font Info:    Redeclaring math symbol \shortparallel on input line 250.
LaTeX Font Info:    Redeclaring math symbol \smallsetminus on input line 251.
LaTeX Font Info:    Redeclaring math symbol \thicksim on input line 252.
LaTeX Font Info:    Redeclaring math symbol \thickapprox on input line 253.
LaTeX Font Info:    Redeclaring math symbol \approxeq on input line 254.
LaTeX Font Info:    Redeclaring math symbol \succapprox on input line 255.
LaTeX Font Info:    Redeclaring math symbol \precapprox on input line 256.
LaTeX Font Info:    Redeclaring math symbol \curvearrowleft on input line 257.
LaTeX Font Info:    Redeclaring math symbol \curvearrowright on input line 258.
LaTeX Font Info:    Redeclaring math symbol \digamma on input line 259.
LaTeX Font Info:    Redeclaring math symbol \varkappa on input line 260.
LaTeX Font Info:    Redeclaring math symbol \Bbbk on input line 261.
LaTeX Font Info:    Redeclaring math symbol \hslash on input line 262.
LaTeX Font Info:    Redeclaring math symbol \backepsilon on input line 265.
) (/usr/share/texlive/texmf-dist/tex/latex/tools/verbatim.sty
Package: verbatim 2023-11-06 v1.5v LaTeX2e package for verbatim enhancements
\every@verbatim=\toks26
\verbatim@line=\toks27
\verbatim@in@stream=\read2
) (/usr/share/texlive/texmf-dist/tex/generic/mathabx/mathabx.sty
Package: mathabx 2003/07/29 v0.0 Non-standard LaTeX package mathabx
\symmatha=\mathgroup10
\symmathb=\mathgroup11
\symmathx=\mathgroup12
 (/usr/share/texlive/texmf-dist/tex/generic/mathabx/mathabx.dcl
LaTeX Font Info:    Redeclaring math symbol \cdotp on input line 25.
LaTeX Font Info:    Redeclaring math symbol \times on input line 33.
LaTeX Font Info:    Redeclaring math symbol \div on input line 34.
LaTeX Font Info:    Redeclaring math symbol \cdot on input line 35.
LaTeX Font Info:    Redeclaring math symbol \circ on input line 36.
LaTeX Font Info:    Redeclaring math symbol \ast on input line 38.
LaTeX Font Info:    Redeclaring math symbol \pm on input line 41.
LaTeX Font Info:    Redeclaring math symbol \mp on input line 42.
LaTeX Font Info:    Redeclaring math symbol \ltimes on input line 43.
LaTeX Font Info:    Redeclaring math symbol \rtimes on input line 44.
LaTeX Font Info:    Redeclaring math symbol \diamond on input line 45.
LaTeX Font Info:    Redeclaring math symbol \bullet on input line 46.
LaTeX Font Info:    Redeclaring math symbol \star on input line 47.
LaTeX Font Info:    Redeclaring math symbol \amalg on input line 51.
LaTeX Font Info:    Redeclaring math symbol \dotplus on input line 58.
LaTeX Font Info:    Redeclaring math symbol \square on input line 63.
LaTeX Font Info:    Redeclaring math symbol \divideontimes on input line 71.
LaTeX Font Info:    Redeclaring math symbol \bigstar on input line 75.
LaTeX Font Info:    Redeclaring math symbol \equiv on input line 83.
LaTeX Font Info:    Redeclaring math symbol \sim on input line 84.
LaTeX Font Info:    Redeclaring math symbol \approx on input line 85.
LaTeX Font Info:    Redeclaring math symbol \simeq on input line 86.
LaTeX Font Info:    Redeclaring math symbol \asymp on input line 89.
LaTeX Font Info:    Redeclaring math symbol \nsim on input line 97.
LaTeX Font Info:    Redeclaring math symbol \napprox on input line 98.
LaTeX Font Info:    Redeclaring math symbol \nsimeq on input line 99.
LaTeX Font Info:    Redeclaring math symbol \ncong on input line 100.
LaTeX Font Info:    Redeclaring math symbol \risingdotseq on input line 118.
LaTeX Font Info:    Redeclaring math symbol \fallingdotseq on input line 119.
LaTeX Font Info:    Redeclaring math symbol \coloneq on input line 120.
LaTeX Font Info:    Redeclaring math symbol \eqcolon on input line 121.
LaTeX Font Info:    Redeclaring math symbol \circeq on input line 125.
LaTeX Font Info:    Redeclaring math symbol \eqcirc on input line 126.
LaTeX Font Info:    Redeclaring math symbol \triangleq on input line 127.
LaTeX Font Info:    Redeclaring math symbol \neg on input line 134.
LaTeX Font Info:    Redeclaring math symbol \ll on input line 136.
LaTeX Font Info:    Redeclaring math symbol \gg on input line 137.
LaTeX Font Info:    Redeclaring math symbol \vdash on input line 139.
LaTeX Font Info:    Redeclaring math symbol \dashv on input line 140.
LaTeX Font Info:    Redeclaring math symbol \nvdash on input line 141.
LaTeX Font Info:    Redeclaring math symbol \vDash on input line 143.
LaTeX Font Info:    Redeclaring math symbol \nvDash on input line 145.
LaTeX Font Info:    Redeclaring math symbol \Vdash on input line 147.
LaTeX Font Info:    Redeclaring math symbol \nVdash on input line 149.
LaTeX Font Info:    Redeclaring math symbol \flat on input line 158.
LaTeX Font Info:    Redeclaring math symbol \natural on input line 159.
LaTeX Font Info:    Redeclaring math symbol \sharp on input line 160.
LaTeX Font Info:    Redeclaring math symbol \infty on input line 161.
LaTeX Font Info:    Redeclaring math symbol \propto on input line 162.
LaTeX Font Info:    Redeclaring math symbol \dagger on input line 163.
LaTeX Font Info:    Redeclaring math symbol \ddagger on input line 164.
LaTeX Font Info:    Redeclaring math symbol \between on input line 170.
LaTeX Font Info:    Redeclaring math symbol \smile on input line 171.
LaTeX Font Info:    Redeclaring math symbol \frown on input line 172.
LaTeX Font Info:    Redeclaring math symbol \leftthreetimes on input line 174.
LaTeX Font Info:    Redeclaring math symbol \rightthreetimes on input line 175.
LaTeX Font Info:    Redeclaring math symbol \pitchfork on input line 176.
LaTeX Font Info:    Redeclaring math symbol \VDash on input line 180.
LaTeX Font Info:    Redeclaring math symbol \nVDash on input line 182.
LaTeX Font Info:    Redeclaring math symbol \Vvdash on input line 184.
LaTeX Font Info:    Redeclaring math symbol \therefore on input line 189.
LaTeX Font Info:    Redeclaring math symbol \because on input line 190.
LaTeX Font Info:    Redeclaring math accent \dot on input line 193.
LaTeX Font Info:    Redeclaring math accent \ddot on input line 195.
LaTeX Font Info:    Redeclaring math symbol \measuredangle on input line 202.
LaTeX Font Info:    Redeclaring math symbol \sphericalangle on input line 203.
LaTeX Font Info:    Redeclaring math symbol \setminus on input line 218.
LaTeX Font Info:    Redeclaring math symbol \mid on input line 222.
LaTeX Font Info:    Redeclaring math symbol \forall on input line 279.
LaTeX Font Info:    Redeclaring math symbol \complement on input line 280.
LaTeX Font Info:    Redeclaring math symbol \partial on input line 281.
LaTeX Font Info:    Redeclaring math symbol \exists on input line 284.
LaTeX Font Info:    Redeclaring math symbol \nexists on input line 285.
LaTeX Font Info:    Redeclaring math symbol \Finv on input line 286.
LaTeX Font Info:    Redeclaring math symbol \Game on input line 287.
LaTeX Font Info:    Redeclaring math symbol \emptyset on input line 288.
LaTeX Font Info:    Redeclaring math symbol \top on input line 290.
LaTeX Font Info:    Redeclaring math symbol \bot on input line 291.
LaTeX Font Info:    Redeclaring math symbol \perp on input line 292.
LaTeX Font Info:    Redeclaring math symbol \curlywedge on input line 296.
LaTeX Font Info:    Redeclaring math symbol \curlyvee on input line 297.
LaTeX Font Info:    Redeclaring math symbol \in on input line 299.
LaTeX Font Info:    Redeclaring math symbol \owns on input line 300.
LaTeX Font Info:    Redeclaring math symbol \cap on input line 312.
LaTeX Font Info:    Redeclaring math symbol \cup on input line 313.
LaTeX Font Info:    Redeclaring math symbol \uplus on input line 314.
LaTeX Font Info:    Redeclaring math symbol \sqcap on input line 315.
LaTeX Font Info:    Redeclaring math symbol \sqcup on input line 316.
LaTeX Font Info:    Redeclaring math symbol \wedge on input line 318.
LaTeX Font Info:    Redeclaring math symbol \vee on input line 320.
LaTeX Font Info:    Redeclaring math symbol \barwedge on input line 327.
LaTeX Font Info:    Redeclaring math symbol \veebar on input line 328.
LaTeX Font Info:    Redeclaring math symbol \doublebarwedge on input line 329.
LaTeX Font Info:    Redeclaring math symbol \doublecap on input line 331.
LaTeX Font Info:    Redeclaring math symbol \doublecup on input line 333.
LaTeX Font Info:    Redeclaring math symbol \subset on input line 344.
LaTeX Font Info:    Redeclaring math symbol \supset on input line 345.
LaTeX Font Info:    Redeclaring math symbol \nsubset on input line 346.
LaTeX Font Info:    Redeclaring math symbol \nsupset on input line 347.
LaTeX Font Info:    Redeclaring math symbol \subseteq on input line 348.
LaTeX Font Info:    Redeclaring math symbol \supseteq on input line 349.
LaTeX Font Info:    Redeclaring math symbol \nsubseteq on input line 350.
LaTeX Font Info:    Redeclaring math symbol \nsupseteq on input line 351.
LaTeX Font Info:    Redeclaring math symbol \subsetneq on input line 352.
LaTeX Font Info:    Redeclaring math symbol \supsetneq on input line 353.
LaTeX Font Info:    Redeclaring math symbol \varsubsetneq on input line 354.
LaTeX Font Info:    Redeclaring math symbol \varsupsetneq on input line 355.
LaTeX Font Info:    Redeclaring math symbol \subseteqq on input line 357.
LaTeX Font Info:    Redeclaring math symbol \supseteqq on input line 358.
LaTeX Font Info:    Redeclaring math symbol \nsubseteqq on input line 359.
LaTeX Font Info:    Redeclaring math symbol \nsupseteqq on input line 360.
LaTeX Font Info:    Redeclaring math symbol \subsetneqq on input line 361.
LaTeX Font Info:    Redeclaring math symbol \supsetneqq on input line 362.
LaTeX Font Info:    Redeclaring math symbol \varsubsetneqq on input line 363.
LaTeX Font Info:    Redeclaring math symbol \varsupsetneqq on input line 364.
LaTeX Font Info:    Redeclaring math symbol \Subset on input line 366.
LaTeX Font Info:    Redeclaring math symbol \Supset on input line 367.
LaTeX Font Info:    Redeclaring math symbol \nSubset on input line 368.
LaTeX Font Info:    Redeclaring math symbol \nSupset on input line 369.
LaTeX Font Info:    Redeclaring math symbol \nsqsubset on input line 378.
LaTeX Font Info:    Redeclaring math symbol \nsqsupset on input line 379.
LaTeX Font Info:    Redeclaring math symbol \sqsubseteq on input line 380.
LaTeX Font Info:    Redeclaring math symbol \sqsupseteq on input line 381.
LaTeX Font Info:    Redeclaring math symbol \nsqsubseteq on input line 382.
LaTeX Font Info:    Redeclaring math symbol \nsqsupseteq on input line 383.
LaTeX Font Info:    Redeclaring math symbol \triangleleft on input line 407.
LaTeX Font Info:    Redeclaring math symbol \vartriangleleft on input line 408.
LaTeX Font Info:    Redeclaring math symbol \triangleright on input line 409.
LaTeX Font Info:    Redeclaring math symbol \vartriangleright on input line 410.
LaTeX Font Info:    Redeclaring math symbol \ntriangleleft on input line 411.
LaTeX Font Info:    Redeclaring math symbol \ntriangleright on input line 412.
LaTeX Font Info:    Redeclaring math symbol \trianglelefteq on input line 413.
LaTeX Font Info:    Redeclaring math symbol \trianglerighteq on input line 414.
LaTeX Font Info:    Redeclaring math symbol \ntrianglelefteq on input line 415.
LaTeX Font Info:    Redeclaring math symbol \ntrianglerighteq on input line 416.
LaTeX Font Info:    Redeclaring math symbol \blacktriangledown on input line 427.
LaTeX Font Info:    Redeclaring math symbol \blacktriangleleft on input line 428.
LaTeX Font Info:    Redeclaring math symbol \blacktriangleright on input line 429.
LaTeX Font Info:    Redeclaring math symbol \nless on input line 437.
LaTeX Font Info:    Redeclaring math symbol \ngtr on input line 438.
LaTeX Font Info:    Redeclaring math symbol \leq on input line 439.
LaTeX Font Info:    Redeclaring math symbol \geq on input line 441.
LaTeX Font Info:    Redeclaring math symbol \nleq on input line 443.
LaTeX Font Info:    Redeclaring math symbol \ngeq on input line 445.
LaTeX Font Info:    Redeclaring math symbol \lneq on input line 451.
LaTeX Font Info:    Redeclaring math symbol \gneq on input line 452.
LaTeX Font Info:    Redeclaring math symbol \leqq on input line 453.
LaTeX Font Info:    Redeclaring math symbol \geqq on input line 454.
LaTeX Font Info:    Redeclaring math symbol \nleqq on input line 455.
LaTeX Font Info:    Redeclaring math symbol \ngeqq on input line 456.
LaTeX Font Info:    Redeclaring math symbol \lneqq on input line 457.
LaTeX Font Info:    Redeclaring math symbol \gneqq on input line 458.
LaTeX Font Info:    Redeclaring math symbol \lvertneqq on input line 459.
LaTeX Font Info:    Redeclaring math symbol \gvertneqq on input line 460.
LaTeX Font Info:    Redeclaring math symbol \eqslantless on input line 461.
LaTeX Font Info:    Redeclaring math symbol \eqslantgtr on input line 462.
LaTeX Font Info:    Redeclaring math symbol \lessgtr on input line 465.
LaTeX Font Info:    Redeclaring math symbol \gtrless on input line 466.
LaTeX Font Info:    Redeclaring math symbol \lesseqgtr on input line 467.
LaTeX Font Info:    Redeclaring math symbol \gtreqless on input line 468.
LaTeX Font Info:    Redeclaring math symbol \lesseqqgtr on input line 469.
LaTeX Font Info:    Redeclaring math symbol \gtreqqless on input line 470.
LaTeX Font Info:    Redeclaring math symbol \lesssim on input line 472.
LaTeX Font Info:    Redeclaring math symbol \gtrsim on input line 473.
LaTeX Font Info:    Redeclaring math symbol \nlesssim on input line 474.
LaTeX Font Info:    Redeclaring math symbol \ngtrsim on input line 475.
LaTeX Font Info:    Redeclaring math symbol \lnsim on input line 476.
LaTeX Font Info:    Redeclaring math symbol \gnsim on input line 477.
LaTeX Font Info:    Redeclaring math symbol \lessapprox on input line 478.
LaTeX Font Info:    Redeclaring math symbol \gtrapprox on input line 479.
LaTeX Font Info:    Redeclaring math symbol \nlessapprox on input line 480.
LaTeX Font Info:    Redeclaring math symbol \ngtrapprox on input line 481.
LaTeX Font Info:    Redeclaring math symbol \lnapprox on input line 482.
LaTeX Font Info:    Redeclaring math symbol \gnapprox on input line 483.
LaTeX Font Info:    Redeclaring math symbol \lessdot on input line 485.
LaTeX Font Info:    Redeclaring math symbol \gtrdot on input line 486.
LaTeX Font Info:    Redeclaring math symbol \lll on input line 488.
LaTeX Font Info:    Redeclaring math symbol \ggg on input line 489.
LaTeX Font Info:    Redeclaring math symbol \prec on input line 498.
LaTeX Font Info:    Redeclaring math symbol \succ on input line 499.
LaTeX Font Info:    Redeclaring math symbol \nprec on input line 500.
LaTeX Font Info:    Redeclaring math symbol \nsucc on input line 501.
LaTeX Font Info:    Redeclaring math symbol \preccurlyeq on input line 502.
LaTeX Font Info:    Redeclaring math symbol \succcurlyeq on input line 503.
LaTeX Font Info:    Redeclaring math symbol \npreccurlyeq on input line 504.
LaTeX Font Info:    Redeclaring math symbol \nsucccurlyeq on input line 505.
LaTeX Font Info:    Redeclaring math symbol \preceq on input line 506.
LaTeX Font Info:    Redeclaring math symbol \succeq on input line 507.
LaTeX Font Info:    Redeclaring math symbol \npreceq on input line 508.
LaTeX Font Info:    Redeclaring math symbol \nsucceq on input line 509.
LaTeX Font Info:    Redeclaring math symbol \curlyeqprec on input line 512.
LaTeX Font Info:    Redeclaring math symbol \curlyeqsucc on input line 513.
LaTeX Font Info:    Redeclaring math symbol \precsim on input line 517.
LaTeX Font Info:    Redeclaring math symbol \succsim on input line 518.
LaTeX Font Info:    Redeclaring math symbol \nprecsim on input line 519.
LaTeX Font Info:    Redeclaring math symbol \nsuccsim on input line 520.
LaTeX Font Info:    Redeclaring math symbol \precnsim on input line 521.
LaTeX Font Info:    Redeclaring math symbol \succnsim on input line 522.
LaTeX Font Info:    Redeclaring math symbol \precapprox on input line 523.
LaTeX Font Info:    Redeclaring math symbol \succapprox on input line 524.
LaTeX Font Info:    Redeclaring math symbol \nprecapprox on input line 525.
LaTeX Font Info:    Redeclaring math symbol \nsuccapprox on input line 526.
LaTeX Font Info:    Redeclaring math symbol \precnapprox on input line 527.
LaTeX Font Info:    Redeclaring math symbol \succnapprox on input line 528.
LaTeX Font Info:    Redeclaring math symbol \leftarrow on input line 540.
LaTeX Font Info:    Redeclaring math symbol \rightarrow on input line 542.
LaTeX Font Info:    Redeclaring math symbol \nwarrow on input line 546.
LaTeX Font Info:    Redeclaring math symbol \nearrow on input line 547.
LaTeX Font Info:    Redeclaring math symbol \swarrow on input line 548.
LaTeX Font Info:    Redeclaring math symbol \searrow on input line 549.
LaTeX Font Info:    Redeclaring math symbol \leftrightarrow on input line 550.
LaTeX Font Info:    Redeclaring math symbol \nleftarrow on input line 552.
LaTeX Font Info:    Redeclaring math symbol \nrightarrow on input line 553.
LaTeX Font Info:    Redeclaring math symbol \nleftrightarrow on input line 554.
LaTeX Font Info:    Redeclaring math symbol \mapstochar on input line 557.
LaTeX Font Info:    Redeclaring math symbol \leftharpoonup on input line 560.
LaTeX Font Info:    Redeclaring math symbol \rightharpoonup on input line 561.
LaTeX Font Info:    Redeclaring math symbol \leftharpoondown on input line 562.
LaTeX Font Info:    Redeclaring math symbol \rightharpoondown on input line 563.
LaTeX Font Info:    Redeclaring math symbol \upharpoonleft on input line 564.
LaTeX Font Info:    Redeclaring math symbol \downharpoonleft on input line 565.
LaTeX Font Info:    Redeclaring math symbol \upharpoonright on input line 566.
LaTeX Font Info:    Redeclaring math symbol \restriction on input line 567.
LaTeX Font Info:    Redeclaring math symbol \downharpoonright on input line 568.
LaTeX Font Info:    Redeclaring math symbol \leftrightharpoons on input line 569.
LaTeX Font Info:    Redeclaring math symbol \Leftarrow on input line 575.
LaTeX Font Info:    Redeclaring math symbol \Rightarrow on input line 576.
LaTeX Font Info:    Redeclaring math symbol \Leftrightarrow on input line 579.
LaTeX Font Info:    Redeclaring math symbol \nLeftarrow on input line 581.
LaTeX Font Info:    Redeclaring math symbol \nRightarrow on input line 582.
LaTeX Font Info:    Redeclaring math symbol \nLeftrightarrow on input line 583.
LaTeX Font Info:    Redeclaring math symbol \Mapstochar on input line 586.
LaTeX Font Info:    Redeclaring math symbol \leftleftarrows on input line 593.
LaTeX Font Info:    Redeclaring math symbol \rightrightarrows on input line 594.
LaTeX Font Info:    Redeclaring math symbol \upuparrows on input line 595.
LaTeX Font Info:    Redeclaring math symbol \downdownarrows on input line 596.
LaTeX Font Info:    Redeclaring math symbol \leftrightarrows on input line 597.
LaTeX Font Info:    Redeclaring math symbol \rightleftarrows on input line 598.
LaTeX Font Info:    Redeclaring math symbol \rhook on input line 612.
LaTeX Font Info:    Redeclaring math symbol \lhook on input line 613.
LaTeX Font Info:    Redeclaring math symbol \diagup on input line 614.
LaTeX Font Info:    Redeclaring math symbol \diagdown on input line 615.
LaTeX Font Info:    Redeclaring math symbol \Lsh on input line 617.
LaTeX Font Info:    Redeclaring math symbol \Rsh on input line 619.
LaTeX Font Info:    Redeclaring math symbol \looparrowleft on input line 624.
LaTeX Font Info:    Redeclaring math symbol \looparrowright on input line 626.
LaTeX Font Info:    Redeclaring math symbol \curvearrowleft on input line 631.
LaTeX Font Info:    Redeclaring math symbol \curvearrowright on input line 633.
LaTeX Font Info:    Redeclaring math symbol \circlearrowleft on input line 641.
LaTeX Font Info:    Redeclaring math symbol \circlearrowright on input line 642.
LaTeX Font Info:    Redeclaring math symbol \leftsquigarrow on input line 644.
LaTeX Font Info:    Redeclaring math symbol \rightsquigarrow on input line 645.
LaTeX Font Info:    Redeclaring math symbol \leftrightsquigarrow on input line 646.
LaTeX Font Info:    Redeclaring math symbol \oplus on input line 658.
LaTeX Font Info:    Redeclaring math symbol \ominus on input line 659.
LaTeX Font Info:    Redeclaring math symbol \otimes on input line 661.
LaTeX Font Info:    Redeclaring math symbol \odot on input line 663.
LaTeX Font Info:    Redeclaring math symbol \oslash on input line 675.
LaTeX Font Info:    Redeclaring math symbol \boxplus on input line 683.
LaTeX Font Info:    Redeclaring math symbol \boxminus on input line 684.
LaTeX Font Info:    Redeclaring math symbol \boxtimes on input line 686.
LaTeX Font Info:    Redeclaring math symbol \boxdot on input line 688.
LaTeX Font Info:    Redeclaring math symbol \boxleft on input line 694.
LaTeX Font Info:    Redeclaring math symbol \boxright on input line 695.
LaTeX Font Info:    Redeclaring math symbol \boxslash on input line 702.
\mayacnter=\count289
\mayacnta=\count290
\mayacntb=\count291
\mayacntc=\count292
\mayawidth=\dimen162
LaTeX Font Info:    Redeclaring math symbol \intop on input line 753.
LaTeX Font Info:    Redeclaring math symbol \iintop on input line 754.
LaTeX Font Info:    Redeclaring math symbol \iiintop on input line 757.
LaTeX Font Info:    Redeclaring math symbol \ointop on input line 760.
LaTeX Font Info:    Redeclaring math symbol \oiintop on input line 762.
LaTeX Font Info:    Redeclaring math delimiter \lbrace on input line 842.
LaTeX Info: Redefining \{ on input line 846.
LaTeX Font Info:    Redeclaring math delimiter \rbrace on input line 848.
LaTeX Info: Redefining \} on input line 852.
LaTeX Font Info:    Redeclaring math delimiter \langle on input line 858.
LaTeX Font Info:    Redeclaring math delimiter \rangle on input line 859.
LaTeX Font Info:    Redeclaring math delimiter \vert on input line 863.
LaTeX Font Info:    Redeclaring math delimiter \Vert on input line 865.
LaTeX Font Info:    Redeclaring math delimiter \uparrow on input line 868.
LaTeX Font Info:    Redeclaring math delimiter \downarrow on input line 869.
LaTeX Font Info:    Redeclaring math delimiter \updownarrow on input line 870.
LaTeX Font Info:    Redeclaring math delimiter \Uparrow on input line 871.
LaTeX Font Info:    Redeclaring math delimiter \Downarrow on input line 872.
LaTeX Font Info:    Redeclaring math delimiter \Updownarrow on input line 873.
LaTeX Font Info:    Redeclaring math delimiter \lgroup on input line 880.
LaTeX Font Info:    Redeclaring math delimiter \rgroup on input line 881.
LaTeX Font Info:    Redeclaring math delimiter \lceil on input line 882.
LaTeX Font Info:    Redeclaring math delimiter \rceil on input line 883.
LaTeX Font Info:    Redeclaring math delimiter \lfloor on input line 884.
LaTeX Font Info:    Redeclaring math delimiter \rfloor on input line 885.
LaTeX Font Info:    Redeclaring math symbol \braceld on input line 903.
LaTeX Font Info:    Redeclaring math symbol \bracerd on input line 905.
LaTeX Font Info:    Redeclaring math symbol \bracelu on input line 907.
LaTeX Font Info:    Redeclaring math symbol \braceru on input line 909.
LaTeX Font Info:    Redeclaring math accent \widehat on input line 944.
LaTeX Font Info:    Redeclaring math accent \widetilde on input line 946.
)) (/usr/share/texlive/texmf-dist/tex/latex/spverbatim/spverbatim.sty
Package: spverbatim 2009/08/10 v1.0 Verbatim with breakable spaces
) (/usr/share/texlive/texmf-dist/tex/generic/ulem/ulem.sty
\UL@box=\box53
\UL@hyphenbox=\box54
\UL@skip=\skip54
\UL@hook=\toks28
\UL@height=\dimen163
\UL@pe=\count293
\UL@pixel=\dimen164
\ULC@box=\box55
Package: ulem 2019/11/18
\ULdepth=\dimen165
) (/usr/share/texlive/texmf-dist/tex/latex/paralist/paralist.sty
Package: paralist 2017/01/22 v2.7 Extended list environments
\pltopsep=\skip55
\plpartopsep=\skip56
\plitemsep=\skip57
\plparsep=\skip58
\pl@lab=\toks29
)
\c@saveenumi=\count294
 (/usr/share/texlive/texmf-dist/tex/latex/booktabs/booktabs.sty
Package: booktabs 2020/01/12 v1.61803398 Publication quality tables
\heavyrulewidth=\dimen166
\lightrulewidth=\dimen167
\cmidrulewidth=\dimen168
\belowrulesep=\dimen169
\belowbottomsep=\dimen170
\aboverulesep=\dimen171
\abovetopsep=\dimen172
\cmidrulesep=\dimen173
\cmidrulekern=\dimen174
\defaultaddspace=\dimen175
\@cmidla=\count295
\@cmidlb=\count296
\@aboverulesep=\dimen176
\@belowrulesep=\dimen177
\@thisruleclass=\count297
\@lastruleclass=\count298
\@thisrulewidth=\dimen178
) (/usr/share/texlive/texmf-dist/tex/latex/csquotes/csquotes.sty
Package: csquotes 2022-09-14 v5.2n context-sensitive quotations (JAW)
\csq@reset=\count299
\csq@gtype=\count300
\csq@glevel=\count301
\csq@qlevel=\count302
\csq@maxlvl=\count303
\csq@tshold=\count304
\csq@ltx@everypar=\toks30
 (/usr/share/texlive/texmf-dist/tex/latex/csquotes/csquotes.def
File: csquotes.def 2022-09-14 v5.2n csquotes generic definitions (JAW)
)
Package csquotes Info: Trying to load configuration file 'csquotes.cfg'...
Package csquotes Info: ... configuration file loaded successfully.
 (/usr/share/texlive/texmf-dist/tex/latex/csquotes/csquotes.cfg
File: csquotes.cfg 
)) (/usr/share/texlive/texmf-dist/tex/generic/babel/babel.sty
Package: babel 2024/01/07 v24.1 The Babel package
\babel@savecnt=\count305
\U@D=\dimen179
\l@unhyphenated=\language89
 (/usr/share/texlive/texmf-dist/tex/generic/babel/txtbabel.def)
\bbl@readstream=\read3
\bbl@dirlevel=\count306
 (/usr/share/texlive/texmf-dist/tex/generic/babel-portuges/portuguese.ldf
Language: portuges 2021/07/09 v1.2t Portuguese support from the babel system
Package babel Info: Making " an active character on input line 143.
) (/usr/share/texlive/texmf-dist/tex/generic/babel-english/english.ldf
Language: english 2017/06/06 v3.3r English support from the babel system
Package babel Info: Hyphen rules for 'canadian' set to \l@english
(babel)             (\language0). Reported on input line 102.
Package babel Info: Hyphen rules for 'australian' set to \l@ukenglish
(babel)             (\language32). Reported on input line 105.
Package babel Info: Hyphen rules for 'newzealand' set to \l@ukenglish
(babel)             (\language32). Reported on input line 108.
) (/usr/share/texlive/texmf-dist/tex/generic/babel-portuges/portuguese.ldf
Language: portuges 2021/07/09 v1.2t Portuguese support from the babel system
) (/usr/share/texlive/texmf-dist/tex/generic/babel-english/english.ldf
Language: english 2017/06/06 v3.3r English support from the babel system
)) (/usr/share/texlive/texmf-dist/tex/generic/babel/locale/en/babel-english.tex
Package babel Info: Importing font and identification data for english
(babel)             from babel-en.ini. Reported on input line 11.
) (/usr/share/texlive/texmf-dist/tex/generic/babel/locale/pt/babel-portuguese.tex
Package babel Info: Importing font and identification data for portuguese
(babel)             from babel-pt.ini. Reported on input line 11.
) (/usr/share/texlive/texmf-dist/tex/latex/appendix/appendix.sty
Package: appendix 2020/02/08 v1.2c extra appendix facilities
\c@@pps=\count307
\c@@ppsavesec=\count308
\c@@ppsaveapp=\count309
) (/usr/share/texlive/texmf-dist/tex/latex/base/ifthen.sty
Package: ifthen 2022/04/13 v1.1d Standard LaTeX ifthen package (DPC)
) (/usr/share/texlive/texmf-dist/tex/latex/titlesec/titlesec.sty
Package: titlesec 2023/10/27 v2.16 Sectioning titles
\ttl@box=\box56
\beforetitleunit=\skip59
\aftertitleunit=\skip60
\ttl@plus=\dimen180
\ttl@minus=\dimen181
\ttl@toksa=\toks31
\titlewidth=\dimen182
\titlewidthlast=\dimen183
\titlewidthfirst=\dimen184
) (/usr/share/texlive/texmf-dist/tex/latex/fancyhdr/fancyhdr.sty
Package: fancyhdr 2022/11/09 v4.1 Extensive control of page headers and footers
\f@nch@headwidth=\skip61
\f@nch@O@elh=\skip62
\f@nch@O@erh=\skip63
\f@nch@O@olh=\skip64
\f@nch@O@orh=\skip65
\f@nch@O@elf=\skip66
\f@nch@O@erf=\skip67
\f@nch@O@olf=\skip68
\f@nch@O@orf=\skip69
) (/usr/share/texlive/texmf-dist/tex/latex/caption/caption.sty
Package: caption 2023/08/05 v3.6o Customizing captions (AR)
 (/usr/share/texlive/texmf-dist/tex/latex/caption/caption3.sty
Package: caption3 2023/07/31 v2.4d caption3 kernel (AR)
\caption@tempdima=\dimen185
\captionmargin=\dimen186
\caption@leftmargin=\dimen187
\caption@rightmargin=\dimen188
\caption@width=\dimen189
\caption@indent=\dimen190
\caption@parindent=\dimen191
\caption@hangindent=\dimen192
Package caption Info: Standard document class detected.
)
\c@caption@flags=\count310
\c@continuedfloat=\count311
Package caption Info: hyperref package is loaded.
) (/usr/share/texlive/texmf-dist/tex/latex/caption/subcaption.sty
Package: subcaption 2023/07/28 v1.6b Sub-captions (AR)
Package caption Info: New subtype `subfigure' on input line 238.
\c@subfigure=\count312
Package caption Info: New subtype `subtable' on input line 238.
\c@subtable=\count313
) (/usr/share/texlive/texmf-dist/tex/latex/wrapfig/wrapfig.sty
\wrapoverhang=\dimen193
\WF@size=\dimen194
\c@WF@wrappedlines=\count314
\WF@box=\box57
\WF@everypar=\toks32
Package: wrapfig 2003/01/31  v 3.6
) (/usr/share/texlive/texmf-dist/tex/latex/float/float.sty
Package: float 2001/11/08 v1.3d Float enhancements (AL)
\c@float@type=\count315
\float@exts=\toks33
\float@box=\box58
\@float@everytoks=\toks34
\@floatcapt=\box59
) (/usr/share/texlive/texmf-dist/tex/latex/setspace/setspace.sty
Package: setspace 2022/12/04 v6.7b set line spacing
) (/usr/share/texlive/texmf-dist/tex/latex/psnfss/helvet.sty
Package: helvet 2020/03/25 PSNFSS-v9.3 (WaS) 
) (/usr/share/texlive/texmf-dist/tex/latex/psnfss/courier.sty
Package: courier 2020/03/25 PSNFSS-v9.3 (WaS) 
) (/usr/share/texlive/texmf-dist/tex/latex/psnfss/palatino.sty
Package: palatino 2020/03/25 PSNFSS-v9.3 (SPQR) 
) (/usr/share/texlive/texmf-dist/tex/latex/xmpincl/xmpincl.sty
Package: xmpincl 2021/09/22 v2.4 Include XMP data in pdflatex
 (/usr/share/texlive/texmf-dist/tex/generic/iftex/ifpdf.sty
Package: ifpdf 2019/10/25 v3.4 ifpdf legacy package. Use iftex instead.
)) (/usr/share/texlive/texmf-dist/tex/latex/xcolor/xcolor.sty
Package: xcolor 2023/11/15 v3.01 LaTeX color extensions (UK)
 (/usr/share/texlive/texmf-dist/tex/latex/graphics-cfg/color.cfg
File: color.cfg 2016/01/02 v1.6 sample color configuration
)
Package xcolor Info: Driver file: pdftex.def on input line 274.
 (/usr/share/texlive/texmf-dist/tex/latex/graphics-def/pdftex.def
File: pdftex.def 2022/09/22 v1.2b Graphics/color driver for pdftex
) (/usr/share/texlive/texmf-dist/tex/latex/graphics/mathcolor.ltx)
Package xcolor Info: Model `cmy' substituted by `cmy0' on input line 1350.
Package xcolor Info: Model `hsb' substituted by `rgb' on input line 1354.
Package xcolor Info: Model `RGB' extended on input line 1366.
Package xcolor Info: Model `HTML' substituted by `rgb' on input line 1368.
Package xcolor Info: Model `Hsb' substituted by `hsb' on input line 1369.
Package xcolor Info: Model `tHsb' substituted by `hsb' on input line 1370.
Package xcolor Info: Model `HSB' substituted by `hsb' on input line 1371.
Package xcolor Info: Model `Gray' substituted by `gray' on input line 1372.
Package xcolor Info: Model `wave' substituted by `hsb' on input line 1373.
) (/usr/share/texlive/texmf-dist/tex/latex/graphics/graphicx.sty
Package: graphicx 2021/09/16 v1.2d Enhanced LaTeX Graphics (DPC,SPQR)
 (/usr/share/texlive/texmf-dist/tex/latex/graphics/graphics.sty
Package: graphics 2022/03/10 v1.4e Standard LaTeX Graphics (DPC,SPQR)
 (/usr/share/texlive/texmf-dist/tex/latex/graphics/trig.sty
Package: trig 2021/08/11 v1.11 sin cos tan (DPC)
) (/usr/share/texlive/texmf-dist/tex/latex/graphics-cfg/graphics.cfg
File: graphics.cfg 2016/06/04 v1.11 sample graphics configuration
)
Package graphics Info: Driver file: pdftex.def on input line 107.
)
\Gin@req@height=\dimen195
\Gin@req@width=\dimen196
) (/usr/share/texlive/texmf-dist/tex/latex/pgf/frontendlayer/tikz.sty (/usr/share/texlive/texmf-dist/tex/latex/pgf/basiclayer/pgf.sty (/usr/share/texlive/texmf-dist/tex/latex/pgf/utilities/pgfrcs.sty (/usr/share/texlive/texmf-dist/tex/generic/pgf/utilities/pgfutil-common.tex
\pgfutil@everybye=\toks35
\pgfutil@tempdima=\dimen197
\pgfutil@tempdimb=\dimen198
) (/usr/share/texlive/texmf-dist/tex/generic/pgf/utilities/pgfutil-latex.def
\pgfutil@abb=\box60
) (/usr/share/texlive/texmf-dist/tex/generic/pgf/utilities/pgfrcs.code.tex (/usr/share/texlive/texmf-dist/tex/generic/pgf/pgf.revision.tex)
Package: pgfrcs 2023-01-15 v3.1.10 (3.1.10)
))
Package: pgf 2023-01-15 v3.1.10 (3.1.10)
 (/usr/share/texlive/texmf-dist/tex/latex/pgf/basiclayer/pgfcore.sty (/usr/share/texlive/texmf-dist/tex/latex/pgf/systemlayer/pgfsys.sty (/usr/share/texlive/texmf-dist/tex/generic/pgf/systemlayer/pgfsys.code.tex
Package: pgfsys 2023-01-15 v3.1.10 (3.1.10)
 (/usr/share/texlive/texmf-dist/tex/generic/pgf/utilities/pgfkeys.code.tex
\pgfkeys@pathtoks=\toks36
\pgfkeys@temptoks=\toks37
 (/usr/share/texlive/texmf-dist/tex/generic/pgf/utilities/pgfkeyslibraryfiltered.code.tex
\pgfkeys@tmptoks=\toks38
))
\pgf@x=\dimen199
\pgf@y=\dimen256
\pgf@xa=\dimen257
\pgf@ya=\dimen258
\pgf@xb=\dimen259
\pgf@yb=\dimen260
\pgf@xc=\dimen261
\pgf@yc=\dimen262
\pgf@xd=\dimen263
\pgf@yd=\dimen264
\w@pgf@writea=\write3
\r@pgf@reada=\read4
\c@pgf@counta=\count316
\c@pgf@countb=\count317
\c@pgf@countc=\count318
\c@pgf@countd=\count319
\t@pgf@toka=\toks39
\t@pgf@tokb=\toks40
\t@pgf@tokc=\toks41
\pgf@sys@id@count=\count320
 (/usr/share/texlive/texmf-dist/tex/generic/pgf/systemlayer/pgf.cfg
File: pgf.cfg 2023-01-15 v3.1.10 (3.1.10)
)
Driver file for pgf: pgfsys-pdftex.def
 (/usr/share/texlive/texmf-dist/tex/generic/pgf/systemlayer/pgfsys-pdftex.def
File: pgfsys-pdftex.def 2023-01-15 v3.1.10 (3.1.10)
 (/usr/share/texlive/texmf-dist/tex/generic/pgf/systemlayer/pgfsys-common-pdf.def
File: pgfsys-common-pdf.def 2023-01-15 v3.1.10 (3.1.10)
))) (/usr/share/texlive/texmf-dist/tex/generic/pgf/systemlayer/pgfsyssoftpath.code.tex
File: pgfsyssoftpath.code.tex 2023-01-15 v3.1.10 (3.1.10)
\pgfsyssoftpath@smallbuffer@items=\count321
\pgfsyssoftpath@bigbuffer@items=\count322
) (/usr/share/texlive/texmf-dist/tex/generic/pgf/systemlayer/pgfsysprotocol.code.tex
File: pgfsysprotocol.code.tex 2023-01-15 v3.1.10 (3.1.10)
)) (/usr/share/texlive/texmf-dist/tex/generic/pgf/basiclayer/pgfcore.code.tex
Package: pgfcore 2023-01-15 v3.1.10 (3.1.10)
 (/usr/share/texlive/texmf-dist/tex/generic/pgf/math/pgfmath.code.tex (/usr/share/texlive/texmf-dist/tex/generic/pgf/math/pgfmathutil.code.tex) (/usr/share/texlive/texmf-dist/tex/generic/pgf/math/pgfmathparser.code.tex
\pgfmath@dimen=\dimen265
\pgfmath@count=\count323
\pgfmath@box=\box61
\pgfmath@toks=\toks42
\pgfmath@stack@operand=\toks43
\pgfmath@stack@operation=\toks44
) (/usr/share/texlive/texmf-dist/tex/generic/pgf/math/pgfmathfunctions.code.tex) (/usr/share/texlive/texmf-dist/tex/generic/pgf/math/pgfmathfunctions.basic.code.tex) (/usr/share/texlive/texmf-dist/tex/generic/pgf/math/pgfmathfunctions.trigonometric.code.tex) (/usr/share/texlive/texmf-dist/tex/generic/pgf/math/pgfmathfunctions.random.code.tex) (/usr/share/texlive/texmf-dist/tex/generic/pgf/math/pgfmathfunctions.comparison.code.tex) (/usr/share/texlive/texmf-dist/tex/generic/pgf/math/pgfmathfunctions.base.code.tex) (/usr/share/texlive/texmf-dist/tex/generic/pgf/math/pgfmathfunctions.round.code.tex) (/usr/share/texlive/texmf-dist/tex/generic/pgf/math/pgfmathfunctions.misc.code.tex) (/usr/share/texlive/texmf-dist/tex/generic/pgf/math/pgfmathfunctions.integerarithmetics.code.tex) (/usr/share/texlive/texmf-dist/tex/generic/pgf/math/pgfmathcalc.code.tex) (/usr/share/texlive/texmf-dist/tex/generic/pgf/math/pgfmathfloat.code.tex
\c@pgfmathroundto@lastzeros=\count324
)) (/usr/share/texlive/texmf-dist/tex/generic/pgf/math/pgfint.code.tex) (/usr/share/texlive/texmf-dist/tex/generic/pgf/basiclayer/pgfcorepoints.code.tex
File: pgfcorepoints.code.tex 2023-01-15 v3.1.10 (3.1.10)
\pgf@picminx=\dimen266
\pgf@picmaxx=\dimen267
\pgf@picminy=\dimen268
\pgf@picmaxy=\dimen269
\pgf@pathminx=\dimen270
\pgf@pathmaxx=\dimen271
\pgf@pathminy=\dimen272
\pgf@pathmaxy=\dimen273
\pgf@xx=\dimen274
\pgf@xy=\dimen275
\pgf@yx=\dimen276
\pgf@yy=\dimen277
\pgf@zx=\dimen278
\pgf@zy=\dimen279
) (/usr/share/texlive/texmf-dist/tex/generic/pgf/basiclayer/pgfcorepathconstruct.code.tex
File: pgfcorepathconstruct.code.tex 2023-01-15 v3.1.10 (3.1.10)
\pgf@path@lastx=\dimen280
\pgf@path@lasty=\dimen281
) (/usr/share/texlive/texmf-dist/tex/generic/pgf/basiclayer/pgfcorepathusage.code.tex
File: pgfcorepathusage.code.tex 2023-01-15 v3.1.10 (3.1.10)
\pgf@shorten@end@additional=\dimen282
\pgf@shorten@start@additional=\dimen283
) (/usr/share/texlive/texmf-dist/tex/generic/pgf/basiclayer/pgfcorescopes.code.tex
File: pgfcorescopes.code.tex 2023-01-15 v3.1.10 (3.1.10)
\pgfpic=\box62
\pgf@hbox=\box63
\pgf@layerbox@main=\box64
\pgf@picture@serial@count=\count325
) (/usr/share/texlive/texmf-dist/tex/generic/pgf/basiclayer/pgfcoregraphicstate.code.tex
File: pgfcoregraphicstate.code.tex 2023-01-15 v3.1.10 (3.1.10)
\pgflinewidth=\dimen284
) (/usr/share/texlive/texmf-dist/tex/generic/pgf/basiclayer/pgfcoretransformations.code.tex
File: pgfcoretransformations.code.tex 2023-01-15 v3.1.10 (3.1.10)
\pgf@pt@x=\dimen285
\pgf@pt@y=\dimen286
\pgf@pt@temp=\dimen287
) (/usr/share/texlive/texmf-dist/tex/generic/pgf/basiclayer/pgfcorequick.code.tex
File: pgfcorequick.code.tex 2023-01-15 v3.1.10 (3.1.10)
) (/usr/share/texlive/texmf-dist/tex/generic/pgf/basiclayer/pgfcoreobjects.code.tex
File: pgfcoreobjects.code.tex 2023-01-15 v3.1.10 (3.1.10)
) (/usr/share/texlive/texmf-dist/tex/generic/pgf/basiclayer/pgfcorepathprocessing.code.tex
File: pgfcorepathprocessing.code.tex 2023-01-15 v3.1.10 (3.1.10)
) (/usr/share/texlive/texmf-dist/tex/generic/pgf/basiclayer/pgfcorearrows.code.tex
File: pgfcorearrows.code.tex 2023-01-15 v3.1.10 (3.1.10)
\pgfarrowsep=\dimen288
) (/usr/share/texlive/texmf-dist/tex/generic/pgf/basiclayer/pgfcoreshade.code.tex
File: pgfcoreshade.code.tex 2023-01-15 v3.1.10 (3.1.10)
\pgf@max=\dimen289
\pgf@sys@shading@range@num=\count326
\pgf@shadingcount=\count327
) (/usr/share/texlive/texmf-dist/tex/generic/pgf/basiclayer/pgfcoreimage.code.tex
File: pgfcoreimage.code.tex 2023-01-15 v3.1.10 (3.1.10)
) (/usr/share/texlive/texmf-dist/tex/generic/pgf/basiclayer/pgfcoreexternal.code.tex
File: pgfcoreexternal.code.tex 2023-01-15 v3.1.10 (3.1.10)
\pgfexternal@startupbox=\box65
) (/usr/share/texlive/texmf-dist/tex/generic/pgf/basiclayer/pgfcorelayers.code.tex
File: pgfcorelayers.code.tex 2023-01-15 v3.1.10 (3.1.10)
) (/usr/share/texlive/texmf-dist/tex/generic/pgf/basiclayer/pgfcoretransparency.code.tex
File: pgfcoretransparency.code.tex 2023-01-15 v3.1.10 (3.1.10)
) (/usr/share/texlive/texmf-dist/tex/generic/pgf/basiclayer/pgfcorepatterns.code.tex
File: pgfcorepatterns.code.tex 2023-01-15 v3.1.10 (3.1.10)
) (/usr/share/texlive/texmf-dist/tex/generic/pgf/basiclayer/pgfcorerdf.code.tex
File: pgfcorerdf.code.tex 2023-01-15 v3.1.10 (3.1.10)
))) (/usr/share/texlive/texmf-dist/tex/generic/pgf/modules/pgfmoduleshapes.code.tex
File: pgfmoduleshapes.code.tex 2023-01-15 v3.1.10 (3.1.10)
\pgfnodeparttextbox=\box66
) (/usr/share/texlive/texmf-dist/tex/generic/pgf/modules/pgfmoduleplot.code.tex
File: pgfmoduleplot.code.tex 2023-01-15 v3.1.10 (3.1.10)
) (/usr/share/texlive/texmf-dist/tex/latex/pgf/compatibility/pgfcomp-version-0-65.sty
Package: pgfcomp-version-0-65 2023-01-15 v3.1.10 (3.1.10)
\pgf@nodesepstart=\dimen290
\pgf@nodesepend=\dimen291
) (/usr/share/texlive/texmf-dist/tex/latex/pgf/compatibility/pgfcomp-version-1-18.sty
Package: pgfcomp-version-1-18 2023-01-15 v3.1.10 (3.1.10)
)) (/usr/share/texlive/texmf-dist/tex/latex/pgf/utilities/pgffor.sty (/usr/share/texlive/texmf-dist/tex/latex/pgf/utilities/pgfkeys.sty (/usr/share/texlive/texmf-dist/tex/generic/pgf/utilities/pgfkeys.code.tex)) (/usr/share/texlive/texmf-dist/tex/latex/pgf/math/pgfmath.sty (/usr/share/texlive/texmf-dist/tex/generic/pgf/math/pgfmath.code.tex)) (/usr/share/texlive/texmf-dist/tex/generic/pgf/utilities/pgffor.code.tex
Package: pgffor 2023-01-15 v3.1.10 (3.1.10)
\pgffor@iter=\dimen292
\pgffor@skip=\dimen293
\pgffor@stack=\toks45
\pgffor@toks=\toks46
)) (/usr/share/texlive/texmf-dist/tex/generic/pgf/frontendlayer/tikz/tikz.code.tex
Package: tikz 2023-01-15 v3.1.10 (3.1.10)
 (/usr/share/texlive/texmf-dist/tex/generic/pgf/libraries/pgflibraryplothandlers.code.tex
File: pgflibraryplothandlers.code.tex 2023-01-15 v3.1.10 (3.1.10)
\pgf@plot@mark@count=\count328
\pgfplotmarksize=\dimen294
)
\tikz@lastx=\dimen295
\tikz@lasty=\dimen296
\tikz@lastxsaved=\dimen297
\tikz@lastysaved=\dimen298
\tikz@lastmovetox=\dimen299
\tikz@lastmovetoy=\dimen300
\tikzleveldistance=\dimen301
\tikzsiblingdistance=\dimen302
\tikz@figbox=\box67
\tikz@figbox@bg=\box68
\tikz@tempbox=\box69
\tikz@tempbox@bg=\box70
\tikztreelevel=\count329
\tikznumberofchildren=\count330
\tikznumberofcurrentchild=\count331
\tikz@fig@count=\count332
 (/usr/share/texlive/texmf-dist/tex/generic/pgf/modules/pgfmodulematrix.code.tex
File: pgfmodulematrix.code.tex 2023-01-15 v3.1.10 (3.1.10)
\pgfmatrixcurrentrow=\count333
\pgfmatrixcurrentcolumn=\count334
\pgf@matrix@numberofcolumns=\count335
)
\tikz@expandcount=\count336
 (/usr/share/texlive/texmf-dist/tex/generic/pgf/frontendlayer/tikz/libraries/tikzlibrarytopaths.code.tex
File: tikzlibrarytopaths.code.tex 2023-01-15 v3.1.10 (3.1.10)
))) (/usr/share/texlive/texmf-dist/tex/latex/ctable/ctable.sty
Package: ctable 2015/10/17 v1.31 ctable package for flexible typesetting of table and figure floats using key/value directives
 (/usr/share/texlive/texmf-dist/tex/latex/xkeyval/xkeyval.sty
Package: xkeyval 2022/06/16 v2.9 package option processing (HA)
 (/usr/share/texlive/texmf-dist/tex/generic/xkeyval/xkeyval.tex (/usr/share/texlive/texmf-dist/tex/generic/xkeyval/xkvutils.tex
\XKV@toks=\toks47
\XKV@tempa@toks=\toks48
)
\XKV@depth=\count337
File: xkeyval.tex 2014/12/03 v2.7a key=value parser (HA)
)) (/usr/share/texlive/texmf-dist/tex/latex/tools/array.sty
Package: array 2023/10/16 v2.5g Tabular extension package (FMi)
\col@sep=\dimen303
\ar@mcellbox=\box71
\extrarowheight=\dimen304
\NC@list=\toks49
\extratabsurround=\skip70
\backup@length=\skip71
\ar@cellbox=\box72
) (/usr/share/texlive/texmf-dist/tex/latex/tools/tabularx.sty
Package: tabularx 2023/07/08 v2.11c `tabularx' package (DPC)
\TX@col@width=\dimen305
\TX@old@table=\dimen306
\TX@old@col=\dimen307
\TX@target=\dimen308
\TX@delta=\dimen309
\TX@cols=\count338
\TX@ftn=\toks50
) (/usr/share/texlive/texmf-dist/tex/latex/graphics/rotating.sty
Package: rotating 2016/08/11 v2.16d rotated objects in LaTeX
\c@r@tfl@t=\count339
\rotFPtop=\skip72
\rotFPbot=\skip73
\rot@float@box=\box73
\rot@mess@toks=\toks51
)

Package ctable Warning:  Transparency disabled: incompatible with tikz package  on input line 36.

\@CTframesep=\dimen310
\@dfltCTframesep=\dimen311
\@CTframerule=\dimen312
\@dfltCTframerule=\dimen313
\@CTwidth=\dimen314
\@dfltCTwidth=\dimen315
\@CTcaptionskip=\dimen316
\@dfltCTcaptionskip=\dimen317
\@CTmaxwidth=\dimen318
\@dfltCTmaxwidth=\dimen319
\@CTmincapwidth=\dimen320
\@dfltCTmincapwidth=\dimen321
\@CTfooterwidth=\dimen322
\@dfltCTfooterwidth=\dimen323
\@CTw=\dimen324
\@CTfloatwidth=\dimen325
\@CToldsep=\dimen326
\@CToldrule=\dimen327
\CT@t=\box74
\@CTcurftwidth=\dimen328
) (/usr/share/texlive/texmf-dist/tex/latex/l3kernel/expl3.sty
Package: expl3 2024-01-22 L3 programming layer (loader) 
 (/usr/share/texlive/texmf-dist/tex/latex/l3backend/l3backend-pdftex.def
File: l3backend-pdftex.def 2024-01-04 L3 backend support: PDF output (pdfTeX)
\l__color_backend_stack_int=\count340
\l__pdf_internal_box=\box75
)) (/usr/share/texlive/texmf-dist/tex/latex/algorithms/algorithm.sty
Package: algorithm 2009/08/24 v0.1 Document Style `algorithm' - floating environment
\@float@every@algorithm=\toks52
\c@algorithm=\count341
) (/usr/share/texlive/texmf-dist/tex/latex/algorithmicx/algorithmicx.sty
Package: algorithmicx 2005/04/27 v1.2 Algorithmicx

Document Style algorithmicx 1.2 - a greatly improved `algorithmic' style
\c@ALG@line=\count342
\c@ALG@rem=\count343
\c@ALG@nested=\count344
\ALG@tlm=\skip74
\ALG@thistlm=\skip75
\c@ALG@Lnr=\count345
\c@ALG@blocknr=\count346
\c@ALG@storecount=\count347
\c@ALG@tmpcounter=\count348
\ALG@tmplength=\skip76
) (/usr/share/texlive/texmf-dist/tex/latex/algorithmicx/algpseudocode.sty
Package: algpseudocode 

Document Style - pseudocode environments for use with the `algorithmicx' style
) (/usr/share/texlive/texmf-dist/tex/latex/acronym/acronym.sty
Package: acronym 2020/04/17 v1.47 Support for acronyms (Tobias Oetiker)
 (/usr/share/texlive/texmf-dist/tex/latex/bigfoot/suffix.sty
Package: suffix 2006/07/15 1.5a Variant command support
) (/usr/share/texlive/texmf-dist/tex/generic/xstring/xstring.sty (/usr/share/texlive/texmf-dist/tex/generic/xstring/xstring.tex
\xs_counta=\count349
\xs_countb=\count350
)
Package: xstring 2023/08/22 v1.86 String manipulations (CT)
)
\AC@clearlist=\toks53
) (/usr/share/texlive/texmf-dist/tex/latex/glossaries/base/glossaries.sty
Package: glossaries 2023/09/29 v4.53 (NLCT)
 (/usr/share/texlive/texmf-dist/tex/latex/mfirstuc/mfirstuc.sty
Package: mfirstuc 2022/10/14 v2.08 (NLCT)
\@glsmfirst=\toks54
\@glsmrest=\toks55
) (/usr/share/texlive/texmf-dist/tex/latex/xfor/xfor.sty
Package: xfor 2009/02/05 v1.05 (NLCT)
) (/usr/share/texlive/texmf-dist/tex/latex/datatool/datatool-base.sty
Package: datatool-base 2019/09/27 v2.32 (NLCT)
 (/usr/share/texlive/texmf-dist/tex/latex/substr/substr.sty
Package: substr 2009/10/20 v1.2 Handle substrings
\c@su@anzahl=\count351
) (/usr/share/texlive/texmf-dist/tex/latex/datatool/datatool-fp.sty
Package: datatool-fp 2019/09/27 v2.32 (NLCT)
 (/usr/share/texlive/texmf-dist/tex/latex/fp/fp.sty
Package: fp 1995/04/02
 `Fixed Point Package', Version 0.8, April 2, 1995 (C) Michael Mehlich (/usr/share/texlive/texmf-dist/tex/latex/fp/defpattern.sty
Package: defpattern 1994/10/12
\actioncount=\count352
) (/usr/share/texlive/texmf-dist/tex/latex/fp/fp-basic.sty
Package: fp-basic 1996/05/13
\FP@xs=\count353
\FP@xia=\count354
\FP@xib=\count355
\FP@xfa=\count356
\FP@xfb=\count357
\FP@rega=\count358
\FP@regb=\count359
\FP@regs=\count360
\FP@times=\count361
) (/usr/share/texlive/texmf-dist/tex/latex/fp/fp-addons.sty
Package: fp-addons 1995/03/15
) (/usr/share/texlive/texmf-dist/tex/latex/fp/fp-snap.sty
Package: fp-snap 1995/04/05
) (/usr/share/texlive/texmf-dist/tex/latex/fp/fp-exp.sty
Package: fp-exp 1995/04/03
) (/usr/share/texlive/texmf-dist/tex/latex/fp/fp-trigo.sty
Package: fp-trigo 1995/04/14
) (/usr/share/texlive/texmf-dist/tex/latex/fp/fp-pas.sty
Package: fp-pas 1994/08/29
) (/usr/share/texlive/texmf-dist/tex/latex/fp/fp-random.sty
Package: fp-random 1995/02/23
\FPseed=\count362
) (/usr/share/texlive/texmf-dist/tex/latex/fp/fp-eqn.sty
Package: fp-eqn 1995/04/03
) (/usr/share/texlive/texmf-dist/tex/latex/fp/fp-upn.sty
Package: fp-upn 1996/10/21
) (/usr/share/texlive/texmf-dist/tex/latex/fp/fp-eval.sty
Package: fp-eval 1995/04/03
)))
\@dtl@toks=\toks56
\@dtl@tmpcount=\count363
\dtl@tmplength=\skip77
\dtl@sortresult=\count364
\@dtl@numgrpsepcount=\count365
\@dtl@datatype=\count366
\dtl@codeA=\count367
\dtl@codeB=\count368
\@dtl@foreach@level=\count369
) (/usr/share/texlive/texmf-dist/tex/latex/tracklang/tracklang.sty
Package: tracklang 2022/12/13 v1.6.1 (NLCT) Track Languages
 (/usr/share/texlive/texmf-dist/tex/generic/tracklang/tracklang.tex)) (/usr/share/texlive/texmf-dist/tex/latex/glossaries-english/glossaries-english.ldf
File: glossaries-english.ldf 2014/11/23 v1.0
) (/usr/share/texlive/texmf-dist/tex/latex/glossaries-portuges/glossaries-portuges.ldf
File: glossaries-portuges.ldf 2014/11/23 v1.0
 (/usr/share/texlive/texmf-dist/tex/latex/glossaries-portuges/glossaries-portuges-utf8.ldf))
\glossary@main@sortcount=\count370
\glossary@acronym@sortcount=\count371
\gls@level=\count372
\@gls@tmpb=\toks57
\gls@tmplen=\skip78
\glskeylisttok=\toks58
\glslabeltok=\toks59
\glsshorttok=\toks60
\glslongtok=\toks61
 (/usr/share/texlive/texmf-dist/tex/latex/glossaries/styles/glossary-hypernav.sty
Package: glossary-hypernav 2023/09/29 v4.53 (NLCT)
) (/usr/share/texlive/texmf-dist/tex/latex/glossaries/styles/glossary-list.sty
Package: glossary-list 2023/09/29 v4.53 (NLCT)
\glslistdottedwidth=\skip79
) (/usr/share/texlive/texmf-dist/tex/latex/glossaries/styles/glossary-long.sty
Package: glossary-long 2023/09/29 v4.53 (NLCT)
 (/usr/share/texlive/texmf-dist/tex/latex/tools/longtable.sty
Package: longtable 2023-11-01 v4.19 Multi-page Table package (DPC)
\LTleft=\skip80
\LTright=\skip81
\LTpre=\skip82
\LTpost=\skip83
\LTchunksize=\count373
\LTcapwidth=\dimen329
\LT@head=\box76
\LT@firsthead=\box77
\LT@foot=\box78
\LT@lastfoot=\box79
\LT@gbox=\box80
\LT@cols=\count374
\LT@rows=\count375
\c@LT@tables=\count376
\c@LT@chunks=\count377
\LT@p@ftn=\toks62
)
\glsdescwidth=\skip84
\glspagelistwidth=\skip85
) (/usr/share/texlive/texmf-dist/tex/latex/glossaries/styles/glossary-super.sty
Package: glossary-super 2023/09/29 v4.53 (NLCT)
 (/usr/share/texlive/texmf-dist/tex/latex/supertabular/supertabular.sty
Package: supertabular 2020/02/02 v4.1g the supertabular environment
\c@tracingst=\count378
\ST@wd=\dimen330
\ST@rightskip=\skip86
\ST@leftskip=\skip87
\ST@parfillskip=\skip88
\ST@pageleft=\dimen331
\ST@headht=\dimen332
\ST@tailht=\dimen333
\ST@pagesofar=\dimen334
\ST@pboxht=\dimen335
\ST@lineht=\dimen336
\ST@prevht=\dimen337
\ST@toadd=\dimen338
\ST@dimen=\dimen339
\ST@pbox=\box81
)) (/usr/share/texlive/texmf-dist/tex/latex/glossaries/styles/glossary-tree.sty
Package: glossary-tree 2023/09/29 v4.53 (NLCT)
\glstreeindent=\skip89
)) (/usr/share/texlive/texmf-dist/tex/latex/fancyvrb/fancyvrb.sty
Package: fancyvrb 2024/01/20 4.5c verbatim text (tvz,hv)
\FV@CodeLineNo=\count379
\FV@InFile=\read5
\FV@TabBox=\box82
\c@FancyVerbLine=\count380
\FV@StepNumber=\count381
\FV@OutFile=\write4
) (/usr/share/texlive/texmf-dist/tex/latex/fvextra/fvextra.sty
Package: fvextra 2023/11/28 v1.6.1 fvextra - extensions and patches for fancyvrb
 (/usr/share/texlive/texmf-dist/tex/latex/upquote/upquote.sty
Package: upquote 2012/04/19 v1.3 upright-quote and grave-accent glyphs in verbatim
 (/usr/share/texlive/texmf-dist/tex/latex/base/textcomp.sty
Package: textcomp 2020/02/02 v2.0n Standard LaTeX package
)) (/usr/share/texlive/texmf-dist/tex/latex/lineno/lineno.sty
Package: lineno 2023/05/20 line numbers on paragraphs v5.3
\linenopenalty=\count382
\output=\toks63
\linenoprevgraf=\count383
\linenumbersep=\dimen340
\linenumberwidth=\dimen341
\c@linenumber=\count384
\c@pagewiselinenumber=\count385
\c@LN@truepage=\count386
\c@internallinenumber=\count387
\c@internallinenumbers=\count388
\quotelinenumbersep=\dimen342
\bframerule=\dimen343
\bframesep=\dimen344
\bframebox=\box83
\linenoamsmath@ams@eqpen=\count389


LaTeX Warning: Command \@parboxrestore  has changed.
               Check if current package is valid.

LaTeX Info: Redefining \\ on input line 3180.
)

Package fvextra Warning: csquotes should be loaded after fvextra, to avoid a warning from the lineno package on input line 36.

\c@FancyVerbWriteLine=\count390
\c@FancyVerbBufferIndex=\count391
\c@FancyVerbBufferLength=\count392
\c@FancyVerbBufferLine=\count393
\c@FV@oldbufferlength=\count394
\c@FV@TrueTabGroupLevel=\count395
\c@FV@TrueTabCounter=\count396
\FV@TabBox@Group=\box84
\FV@TmpLength=\skip90
\c@FV@HighlightLinesStart=\count397
\c@FV@HighlightLinesStop=\count398
\FV@LoopCount=\count399
\FV@NCharsBox=\box85
\FV@BreakIndent=\dimen345
\FV@BreakIndentNChars=\count400
\FV@BreakSymbolSepLeft=\dimen346
\FV@BreakSymbolSepLeftNChars=\count401
\FV@BreakSymbolSepRight=\dimen347
\FV@BreakSymbolSepRightNChars=\count402
\FV@BreakSymbolIndentLeft=\dimen348
\FV@BreakSymbolIndentLeftNChars=\count403
\FV@BreakSymbolIndentRight=\dimen349
\FV@BreakSymbolIndentRightNChars=\count404
\c@FancyVerbLineBreakLast=\count405
\FV@LineBox=\box86
\FV@LineIndentBox=\box87
\c@FV@BreakBufferDepth=\count406
\FV@LineWidth=\dimen350
) (/usr/share/texlive/texmf-dist/tex/latex/listings/listings.sty
\lst@mode=\count407
\lst@gtempboxa=\box88
\lst@token=\toks64
\lst@length=\count408
\lst@currlwidth=\dimen351
\lst@column=\count409
\lst@pos=\count410
\lst@lostspace=\dimen352
\lst@width=\dimen353
\lst@newlines=\count411
\lst@lineno=\count412
\lst@maxwidth=\dimen354
 (/usr/share/texlive/texmf-dist/tex/latex/listings/lstmisc.sty
File: lstmisc.sty 2023/02/27 1.9 (Carsten Heinz)
\c@lstnumber=\count413
\lst@skipnumbers=\count414
\lst@framebox=\box89
) (/usr/share/texlive/texmf-dist/tex/latex/listings/listings.cfg
File: listings.cfg 2023/02/27 1.9 listings configuration
))
Package: listings 2023/02/27 1.9 (Carsten Heinz)
 (/usr/share/texlive/texmf-dist/tex/latex/pdfpages/pdfpages.sty
Package: pdfpages 2024/01/21 v0.5y Insert pages of external PDF documents (AM)
 (/usr/share/texlive/texmf-dist/tex/latex/tools/calc.sty
Package: calc 2023/07/08 v4.3 Infix arithmetic (KKT,FJ)
\calc@Acount=\count415
\calc@Bcount=\count416
\calc@Adimen=\dimen355
\calc@Bdimen=\dimen356
\calc@Askip=\skip91
\calc@Bskip=\skip92
LaTeX Info: Redefining \setlength on input line 80.
LaTeX Info: Redefining \addtolength on input line 81.
\calc@Ccount=\count417
\calc@Cskip=\skip93
) (/usr/share/texlive/texmf-dist/tex/latex/eso-pic/eso-pic.sty
Package: eso-pic 2023/05/03 v3.0c eso-pic (RN)
\ESO@tempdima=\dimen357
\ESO@tempdimb=\dimen358
)
\AM@pagewidth=\dimen359
\AM@pageheight=\dimen360
\AM@fboxrule=\dimen361
 (/usr/share/texlive/texmf-dist/tex/latex/pdfpages/pppdftex.def
File: pppdftex.def 2024/01/21 v0.5y Pdfpages driver for pdfTeX (AM)
)
\pdfpages@includegraphics@status=\count418
\AM@pagebox=\box90
\AM@global@opts=\toks65
\AM@pagecnt=\count419
\AM@toc@title=\toks66
\AM@lof@heading=\toks67
\c@AM@survey=\count420
\AM@templatesizebox=\box91
) (/usr/share/texlive/texmf-dist/tex/latex/pdflscape/pdflscape.sty
Package: pdflscape 2022-10-27 v0.13 Display of landscape pages in PDF
 (/usr/share/texlive/texmf-dist/tex/latex/pdflscape/pdflscape-nometadata.sty
Package: pdflscape-nometadata 2022-10-28 v0.13 Display of landscape pages in PDF (HO)
 (/usr/share/texlive/texmf-dist/tex/latex/graphics/lscape.sty
Package: lscape 2020/05/28 v3.02 Landscape Pages (DPC)
)
Package pdflscape Info: Auto-detected driver: pdftex on input line 81.
)) (./Config/defaults.tex)
\@theauthorcount=\count421
\@theprofessorcount=\count422
\@chapcount=\count423
\@appxcount=\count424
 (/usr/share/texlive/texmf-dist/tex/latex/totalcount/totalcount.sty
Package: totalcount 2018/01/21 v1.0a Total values of counters (AR)
\c@totalcount@figure=\count425
\c@totalcount@table=\count426
\c@totalcount@lstlisting=\count427
) (./iselreport-files/frontpage.clo) (/usr/share/texlive/texmf-dist/tex/latex/biblatex/biblatex.sty
Package: biblatex 2023/03/05 v3.19 programmable bibliographies (PK/MW)
 (/usr/share/texlive/texmf-dist/tex/latex/logreq/logreq.sty
Package: logreq 2010/08/04 v1.0 xml request logger
\lrq@indent=\count428
 (/usr/share/texlive/texmf-dist/tex/latex/logreq/logreq.def
File: logreq.def 2010/08/04 v1.0 logreq spec v1.0
))
\c@tabx@nest=\count429
\c@listtotal=\count430
\c@listcount=\count431
\c@liststart=\count432
\c@liststop=\count433
\c@citecount=\count434
\c@citetotal=\count435
\c@multicitecount=\count436
\c@multicitetotal=\count437
\c@instcount=\count438
\c@maxnames=\count439
\c@minnames=\count440
\c@maxitems=\count441
\c@minitems=\count442
\c@citecounter=\count443
\c@maxcitecounter=\count444
\c@savedcitecounter=\count445
\c@uniquelist=\count446
\c@uniquename=\count447
\c@refsection=\count448
\c@refsegment=\count449
\c@maxextratitle=\count450
\c@maxextratitleyear=\count451
\c@maxextraname=\count452
\c@maxextradate=\count453
\c@maxextraalpha=\count454
\c@abbrvpenalty=\count455
\c@highnamepenalty=\count456
\c@lownamepenalty=\count457
\c@maxparens=\count458
\c@parenlevel=\count459
\blx@tempcnta=\count460
\blx@tempcntb=\count461
\blx@tempcntc=\count462
\c@blx@maxsection=\count463
\blx@maxsegment@0=\count464
\blx@notetype=\count465
\blx@parenlevel@text=\count466
\blx@parenlevel@foot=\count467
\blx@sectionciteorder@0=\count468
\blx@sectionciteorderinternal@0=\count469
\blx@entrysetcounter=\count470
\blx@biblioinstance=\count471
\labelnumberwidth=\skip94
\labelalphawidth=\skip95
\biblabelsep=\skip96
\bibitemsep=\skip97
\bibnamesep=\skip98
\bibinitsep=\skip99
\bibparsep=\skip100
\bibhang=\skip101
\blx@bcfin=\read6
\blx@bcfout=\write5
\blx@langwohyphens=\language90
\c@mincomprange=\count472
\c@maxcomprange=\count473
\c@mincompwidth=\count474
Package biblatex Info: Trying to load biblatex default data model...
Package biblatex Info: ... file 'blx-dm.def' found.
 (/usr/share/texlive/texmf-dist/tex/latex/biblatex/blx-dm.def
File: blx-dm.def 2023/03/05 v3.19 biblatex localization (PK/MW)
)
Package biblatex Info: Trying to load biblatex style data model...
Package biblatex Info: ... file 'ieee.dbx' not found.
Package biblatex Info: Trying to load biblatex custom data model...
Package biblatex Info: ... file 'biblatex-dm.cfg' not found.
\c@afterword=\count475
\c@savedafterword=\count476
\c@annotator=\count477
\c@savedannotator=\count478
\c@author=\count479
\c@savedauthor=\count480
\c@bookauthor=\count481
\c@savedbookauthor=\count482
\c@commentator=\count483
\c@savedcommentator=\count484
\c@editor=\count485
\c@savededitor=\count486
\c@editora=\count487
\c@savededitora=\count488
\c@editorb=\count489
\c@savededitorb=\count490
\c@editorc=\count491
\c@savededitorc=\count492
\c@foreword=\count493
\c@savedforeword=\count494
\c@holder=\count495
\c@savedholder=\count496
\c@introduction=\count497
\c@savedintroduction=\count498
\c@namea=\count499
\c@savednamea=\count500
\c@nameb=\count501
\c@savednameb=\count502
\c@namec=\count503
\c@savednamec=\count504
\c@translator=\count505
\c@savedtranslator=\count506
\c@shortauthor=\count507
\c@savedshortauthor=\count508
\c@shorteditor=\count509
\c@savedshorteditor=\count510
\c@labelname=\count511
\c@savedlabelname=\count512
\c@institution=\count513
\c@savedinstitution=\count514
\c@lista=\count515
\c@savedlista=\count516
\c@listb=\count517
\c@savedlistb=\count518
\c@listc=\count519
\c@savedlistc=\count520
\c@listd=\count521
\c@savedlistd=\count522
\c@liste=\count523
\c@savedliste=\count524
\c@listf=\count525
\c@savedlistf=\count526
\c@location=\count527
\c@savedlocation=\count528
\c@organization=\count529
\c@savedorganization=\count530
\c@origlocation=\count531
\c@savedoriglocation=\count532
\c@origpublisher=\count533
\c@savedorigpublisher=\count534
\c@publisher=\count535
\c@savedpublisher=\count536
\c@language=\count537
\c@savedlanguage=\count538
\c@origlanguage=\count539
\c@savedoriglanguage=\count540
\c@pageref=\count541
\c@savedpageref=\count542
\shorthandwidth=\skip102
\shortjournalwidth=\skip103
\shortserieswidth=\skip104
\shorttitlewidth=\skip105
\shortauthorwidth=\skip106
\shorteditorwidth=\skip107
\locallabelnumberwidth=\skip108
\locallabelalphawidth=\skip109
\localshorthandwidth=\skip110
\localshortjournalwidth=\skip111
\localshortserieswidth=\skip112
\localshorttitlewidth=\skip113
\localshortauthorwidth=\skip114
\localshorteditorwidth=\skip115
Package biblatex Info: Trying to load compatibility code...
Package biblatex Info: ... file 'blx-compat.def' found.
 (/usr/share/texlive/texmf-dist/tex/latex/biblatex/blx-compat.def
File: blx-compat.def 2023/03/05 v3.19 biblatex compatibility (PK/MW)
)
Package biblatex Info: Trying to load BibTeX backend compatibility...
Package biblatex Info: ... file 'blx-bibtex.def' found.
 (/usr/share/texlive/texmf-dist/tex/latex/biblatex/blx-bibtex.def
File: blx-bibtex.def 2023/03/05 v3.19 biblatex compatibility (PK/MW)


Package biblatex Warning: Using fall-back bibtex backend:
(biblatex)                functionality may be reduced/unavailable.

)
Package biblatex Info: Trying to load generic definitions...
Package biblatex Info: ... file 'biblatex.def' found.
 (/usr/share/texlive/texmf-dist/tex/latex/biblatex/biblatex.def
File: biblatex.def 2023/03/05 v3.19 biblatex compatibility (PK/MW)
\c@textcitecount=\count543
\c@textcitetotal=\count544
\c@textcitemaxnames=\count545
\c@biburlbigbreakpenalty=\count546
\c@biburlbreakpenalty=\count547
\c@biburlnumpenalty=\count548
\c@biburlucpenalty=\count549
\c@biburllcpenalty=\count550
\biburlbigskip=\muskip18
\biburlnumskip=\muskip19
\biburlucskip=\muskip20
\biburllcskip=\muskip21
\c@smartand=\count551
)
Package biblatex Info: Trying to load natbib compatibility...
Package biblatex Info: ... file 'blx-natbib.def' found.
 (/usr/share/texlive/texmf-dist/tex/latex/biblatex/blx-natbib.def
File: blx-natbib.def 2023/03/05 v3.19 biblatex compatibility (PK/MW)
Package biblatex Info: Delimiter 'nameyeardelim' in context '' already defined, overwriting.
)
Package biblatex Info: Trying to load bibliography style 'ieee'...
Package biblatex Info: ... file 'ieee.bbx' found.
 (/usr/share/texlive/texmf-dist/tex/latex/biblatex-ieee/ieee.bbx
File: ieee.bbx 2021/12/06 v1.3f biblatex bibliography style
Package biblatex Info: Trying to load bibliography style 'numeric-comp'...
Package biblatex Info: ... file 'numeric-comp.bbx' found.
 (/usr/share/texlive/texmf-dist/tex/latex/biblatex/bbx/numeric-comp.bbx
File: numeric-comp.bbx 2023/03/05 v3.19 biblatex bibliography style (PK/MW)
Package biblatex Info: Trying to load bibliography style 'numeric'...
Package biblatex Info: ... file 'numeric.bbx' found.
 (/usr/share/texlive/texmf-dist/tex/latex/biblatex/bbx/numeric.bbx
File: numeric.bbx 2023/03/05 v3.19 biblatex bibliography style (PK/MW)
Package biblatex Info: Trying to load bibliography style 'standard'...
Package biblatex Info: ... file 'standard.bbx' found.
 (/usr/share/texlive/texmf-dist/tex/latex/biblatex/bbx/standard.bbx
File: standard.bbx 2023/03/05 v3.19 biblatex bibliography style (PK/MW)
\c@bbx:relatedcount=\count552
\c@bbx:relatedtotal=\count553
))))
Package biblatex Info: Trying to load citation style 'nature'...
Package biblatex Info: ... file 'nature.cbx' found.
 (/usr/share/texlive/texmf-dist/tex/latex/biblatex-nature/nature.cbx
File: nature.cbx 2020/12/30 v1.3d biblatex citation style
Package biblatex Info: Trying to load citation style 'numeric-comp'...
Package biblatex Info: ... file 'numeric-comp.cbx' found.
 (/usr/share/texlive/texmf-dist/tex/latex/biblatex/cbx/numeric-comp.cbx
File: numeric-comp.cbx 2023/03/05 v3.19 biblatex citation style (PK/MW)
\c@cbx@tempcnta=\count554
\c@cbx@tempcntb=\count555
\c@cbx@tempcntc=\count556
\c@cbx@tempcntd=\count557
Package biblatex Info: Redefining '\cite'.
Package biblatex Info: Redefining '\parencite'.
Package biblatex Info: Redefining '\footcite'.
Package biblatex Info: Redefining '\footcitetext'.
Package biblatex Info: Redefining '\smartcite'.
Package biblatex Info: Redefining '\supercite'.
Package biblatex Info: Redefining '\textcite'.
Package biblatex Info: Redefining '\textcites'.
Package biblatex Info: Redefining '\cites'.
Package biblatex Info: Redefining '\parencites'.
Package biblatex Info: Redefining '\smartcites'.
))
Package biblatex Info: Trying to load configuration file...
Package biblatex Info: ... file 'biblatex.cfg' found.
 (/usr/share/texlive/texmf-dist/tex/latex/biblatex/biblatex.cfg
File: biblatex.cfg 
)
Package biblatex Info: Input encoding 'utf8' detected.
Package biblatex Info: Document encoding is UTF8 ....
Package biblatex Info: ... and expl3
(biblatex)             2024-01-22 L3 programming layer (loader) 
(biblatex)             is new enough (at least 2020/04/06),
(biblatex)             setting 'casechanger=expl3'.
 (/usr/share/texlive/texmf-dist/tex/latex/biblatex/blx-case-expl3.sty (/usr/share/texlive/texmf-dist/tex/latex/l3packages/xparse/xparse.sty
Package: xparse 2023-10-10 L3 Experimental document command parser
)
Package: blx-case-expl3 2023/03/05 v3.19 expl3 case changing code for biblatex
))) (/usr/share/texlive/texmf-dist/tex/latex/todonotes/todonotes.sty
Package: todonotes 2024/01/05 v1.1.7 Todonotes source and documentation.
Package: todonotes 2024/01/05
 (/usr/share/texlive/texmf-dist/tex/generic/pgf/frontendlayer/tikz/libraries/tikzlibrarypositioning.code.tex
File: tikzlibrarypositioning.code.tex 2023-01-15 v3.1.10 (3.1.10)
)
\c@@todonotes@numberoftodonotes=\count558
) (./sty/code.sty

LaTeX Warning: You have requested package `sty/code',
               but the package provides `code'.

Package: code 2018/03/03 v1 Base file of Helper package to manage code language
(/usr/share/texlive/texmf-dist/tex/latex/tcolorbox/tcolorbox.sty
Package: tcolorbox 2024/01/10 version 6.2.0 text color boxes
 (/usr/share/texlive/texmf-dist/tex/latex/environ/environ.sty
Package: environ 2014/05/04 v0.3 A new way to define environments
 (/usr/share/texlive/texmf-dist/tex/latex/trimspaces/trimspaces.sty
Package: trimspaces 2009/09/17 v1.1 Trim spaces around a token list
))
\tcb@titlebox=\box92
\tcb@upperbox=\box93
\tcb@lowerbox=\box94
\tcb@phantombox=\box95
\c@tcbbreakpart=\count559
\c@tcblayer=\count560
\c@tcolorbox@number=\count561
\l__tcobox_tmpa_box=\box96
\l__tcobox_tmpa_dim=\dimen362
\tcb@temp=\box97
\tcb@temp=\box98
\tcb@temp=\box99
\tcb@temp=\box100
) (/usr/share/texlive/texmf-dist/tex/latex/listings/lstlang1.sty
File: lstlang1.sty 2023/02/27 1.9 listings language file
) (/usr/share/texlive/texmf-dist/tex/latex/listings/lstlang2.sty
File: lstlang2.sty 2023/02/27 1.9 listings language file
) (/usr/share/texlive/texmf-dist/tex/latex/listings/lstlang3.sty
File: lstlang3.sty 2023/02/27 1.9 listings language file
) (/usr/share/texlive/texmf-dist/tex/latex/listings/lstlang1.sty
File: lstlang1.sty 2023/02/27 1.9 listings language file
) (/usr/share/texlive/texmf-dist/tex/latex/listings/lstlang1.sty
File: lstlang1.sty 2023/02/27 1.9 listings language file
)) (./sty/relationalAlgebra.sty) (./Config/config.tex (./Config/personaldataofreport.tex)

Package hyperref Warning: Option `a4paper' is no longer used.

)
Package csquotes Info: Checking for multilingual support...
Package csquotes Info: ... found 'babel' package.
Package csquotes Info: Adjusting default style.
Package csquotes Info: Redefining alias 'default' -> 'english'.
LaTeX Font Info:    Trying to load font information for T1+ppl on input line 43.
 (/usr/share/texlive/texmf-dist/tex/latex/psnfss/t1ppl.fd
File: t1ppl.fd 2001/06/04 font definitions for T1/ppl.
)

LaTeX Warning: Unused global option(s):
    [listof].

(./template.aux

LaTeX Warning: Label `cha:introduction' multiply defined.

)
\openout1 = `template.aux'.

LaTeX Font Info:    Checking defaults for OML/txmi/m/it on input line 43.
LaTeX Font Info:    Trying to load font information for OML+txmi on input line 43.
 (/usr/share/texlive/texmf-dist/tex/latex/txfonts/omltxmi.fd
File: omltxmi.fd 2000/12/15 v3.1
)
LaTeX Font Info:    ... okay on input line 43.
LaTeX Font Info:    Checking defaults for OMS/txsy/m/n on input line 43.
LaTeX Font Info:    Trying to load font information for OMS+txsy on input line 43.
 (/usr/share/texlive/texmf-dist/tex/latex/txfonts/omstxsy.fd
File: omstxsy.fd 2000/12/15 v3.1
)
LaTeX Font Info:    ... okay on input line 43.
LaTeX Font Info:    Checking defaults for OT1/cmr/m/n on input line 43.
LaTeX Font Info:    ... okay on input line 43.
LaTeX Font Info:    Checking defaults for T1/cmr/m/n on input line 43.
LaTeX Font Info:    ... okay on input line 43.
LaTeX Font Info:    Checking defaults for TS1/cmr/m/n on input line 43.
LaTeX Font Info:    ... okay on input line 43.
LaTeX Font Info:    Checking defaults for OMX/txex/m/n on input line 43.
LaTeX Font Info:    Trying to load font information for OMX+txex on input line 43.
 (/usr/share/texlive/texmf-dist/tex/latex/txfonts/omxtxex.fd
File: omxtxex.fd 2000/12/15 v3.1
)
LaTeX Font Info:    ... okay on input line 43.
LaTeX Font Info:    Checking defaults for U/mathx/m/n on input line 43.
LaTeX Font Info:    ... okay on input line 43.
LaTeX Font Info:    Checking defaults for PD1/pdf/m/n on input line 43.
LaTeX Font Info:    ... okay on input line 43.
LaTeX Font Info:    Checking defaults for PU/pdf/m/n on input line 43.
LaTeX Font Info:    ... okay on input line 43.
Package hyperref Info: Link coloring ON on input line 43.
 (./template.out) (./template.out)
\@outlinefile=\write6
\openout6 = `template.out'.


*geometry* driver: auto-detecting
*geometry* detected driver: pdftex
*geometry* verbose mode - [ preamble ] result:
* driver: pdftex
* paper: a4paper
* layout: <same size as paper>
* layoutoffset:(h,v)=(0.0pt,0.0pt)
* modes: twoside 
* h-part:(L,W,R)=(71.13188pt, 455.24411pt, 71.13188pt)
* v-part:(T,H,B)=(85.35826pt, 674.33032pt, 85.35826pt)
* \paperwidth=597.50787pt
* \paperheight=845.04684pt
* \textwidth=455.24411pt
* \textheight=674.33032pt
* \oddsidemargin=-1.1381pt
* \evensidemargin=-1.1381pt
* \topmargin=-16.97922pt
* \headheight=12.0pt
* \headsep=18.06749pt
* \topskip=10.0pt
* \footskip=25.29494pt
* \marginparwidth=42.67912pt
* \marginparsep=7.0pt
* \columnsep=10.0pt
* \skip\footins=9.0pt plus 4.0pt minus 2.0pt
* \hoffset=0.0pt
* \voffset=0.0pt
* \mag=1000
* \@twocolumnfalse
* \@twosidetrue
* \@mparswitchtrue
* \@reversemarginfalse
* (1in=72.27pt=25.4mm, 1cm=28.453pt)

LaTeX Info: Command `\dddot' is already robust on input line 43.
LaTeX Info: Command `\ddddot' is already robust on input line 43.
Package caption Info: Begin \AtBeginDocument code.
Package caption Info: float package is loaded.
Package caption Info: listings package is loaded.
Package caption Info: longtable package is loaded.
(/usr/share/texlive/texmf-dist/tex/latex/caption/ltcaption.sty
Package: ltcaption 2021/01/08 v1.4c longtable captions (AR)
)
Package caption Info: rotating package is loaded.
Package caption Info: supertabular package is loaded.
Package caption Info: wrapfig package is loaded.
Package caption Info: End \AtBeginDocument code.
 (/usr/share/texlive/texmf-dist/tex/context/base/mkii/supp-pdf.mkii
[Loading MPS to PDF converter (version 2006.09.02).]
\scratchcounter=\count562
\scratchdimen=\dimen363
\scratchbox=\box101
\nofMPsegments=\count563
\nofMParguments=\count564
\everyMPshowfont=\toks68
\MPscratchCnt=\count565
\MPscratchDim=\dimen364
\MPnumerator=\count566
\makeMPintoPDFobject=\count567
\everyMPtoPDFconversion=\toks69
) (/usr/share/texlive/texmf-dist/tex/latex/epstopdf-pkg/epstopdf-base.sty
Package: epstopdf-base 2020-01-24 v2.11 Base part for package epstopdf
Package epstopdf-base Info: Redefining graphics rule for `.eps' on input line 485.
 (/usr/share/texlive/texmf-dist/tex/latex/latexconfig/epstopdf-sys.cfg
File: epstopdf-sys.cfg 2010/07/13 v1.3 Configuration of (r)epstopdf for TeX Live
))
\c@lstlisting=\count568
Package biblatex Info: Trying to load language 'english'...
Package biblatex Info: ... file 'english.lbx' found.
 (/usr/share/texlive/texmf-dist/tex/latex/biblatex/lbx/english.lbx
File: english.lbx 2023/03/05 v3.19 biblatex localization (PK/MW)
)
Package biblatex Info: Trying to load language 'portuguese'...
Package biblatex Info: ... file 'portuguese.lbx' found.
 (/usr/share/texlive/texmf-dist/tex/latex/biblatex/lbx/portuguese.lbx
File: portuguese.lbx 2023/03/05 v3.19 biblatex localization (PK/MW)
)
Package biblatex Info: Input encoding 'utf8' detected.
Package biblatex Info: Automatic encoding selection.
(biblatex)             Assuming data encoding 'utf8'.
Package biblatex Info: Input encoding 'utf8' detected.
Package biblatex Info: Data encoding 'utf8' specified.
(biblatex)             No need to reencode data.
\openout5 = `template-blx.bib'.

Package biblatex Info: Trying to load bibliographic data...
Package biblatex Info: ... file 'template.bbl' found.
 (./template.bbl)
Package biblatex Info: Reference section=0 on input line 43.
Package biblatex Info: Reference segment=0 on input line 43.


Package todonotes Warning: The length marginparwidth is less than 2cm and will most likely cause issues with the appearance of inserted todonotes. The issue can be solved by adding a line like \setlength {\marginparwidth }{2cm} prior to loading the todonotes package. on input line 43.

*geometry* verbose mode - [ newgeometry ] result:
* driver: pdftex
* paper: a4paper
* layout: <same size as paper>
* layoutoffset:(h,v)=(0.0pt,0.0pt)
* modes: twoside 
* h-part:(L,W,R)=(56.9055pt, 483.69687pt, 56.9055pt)
* v-part:(T,H,B)=(14.22636pt, 816.59412pt, 14.22636pt)
* \paperwidth=597.50787pt
* \paperheight=845.04684pt
* \textwidth=483.69687pt
* \textheight=816.59412pt
* \oddsidemargin=-15.36449pt
* \evensidemargin=-15.36449pt
* \topmargin=-88.11111pt
* \headheight=12.0pt
* \headsep=18.06749pt
* \topskip=10.0pt
* \footskip=25.29494pt
* \marginparwidth=42.67912pt
* \marginparsep=7.0pt
* \columnsep=10.0pt
* \skip\footins=9.0pt plus 4.0pt minus 2.0pt
* \hoffset=0.0pt
* \voffset=0.0pt
* \mag=1000
* \@twocolumnfalse
* \@twosidetrue
* \@mparswitchtrue
* \@reversemarginfalse
* (1in=72.27pt=25.4mm, 1cm=28.453pt)

<Logo/01_ISEL-Logotipo-RGB_Horizontal-Principal-900┬║.png, id=183, 3420.2982pt x 853.7496pt>
File: Logo/01_ISEL-Logotipo-RGB_Horizontal-Principal-900┬║.png Graphic file (type png)
<use Logo/01_ISEL-Logotipo-RGB_Horizontal-Principal-900┬║.png>
Package pdftex.def Info: Logo/01_ISEL-Logotipo-RGB_Horizontal-Principal-900┬║.png  used on input line 46.
(pdftex.def)             Requested size: 342.04987pt x 85.37996pt.

Overfull \hbox (282.29544pt too wide) in paragraph at lines 46--46
 [][] 
 []

LaTeX Font Info:    Trying to load font information for OT1+txr on input line 46.
(/usr/share/texlive/texmf-dist/tex/latex/txfonts/ot1txr.fd
File: ot1txr.fd 2000/12/15 v3.1
)
LaTeX Font Info:    Trying to load font information for U+txmia on input line 46.
 (/usr/share/texlive/texmf-dist/tex/latex/txfonts/utxmia.fd
File: utxmia.fd 2000/12/15 v3.1
)
LaTeX Font Info:    Trying to load font information for U+msa on input line 46.
 (/usr/share/texlive/texmf-dist/tex/latex/amsfonts/umsa.fd
File: umsa.fd 2013/01/14 v3.01 AMS symbols A
)
LaTeX Font Info:    Trying to load font information for U+msb on input line 46.
 (/usr/share/texlive/texmf-dist/tex/latex/amsfonts/umsb.fd
File: umsb.fd 2013/01/14 v3.01 AMS symbols B
)
LaTeX Font Info:    Trying to load font information for U+txsyc on input line 46.
 (/usr/share/texlive/texmf-dist/tex/latex/txfonts/utxsyc.fd
File: utxsyc.fd 2000/12/15 v3.1
)
LaTeX Font Info:    Trying to load font information for U+txexa on input line 46.
 (/usr/share/texlive/texmf-dist/tex/latex/txfonts/utxexa.fd
File: utxexa.fd 2000/12/15 v3.1
)
LaTeX Font Info:    Trying to load font information for T1+ptm on input line 46.
 (/usr/share/texlive/texmf-dist/tex/latex/psnfss/t1ptm.fd
File: t1ptm.fd 2001/06/04 font definitions for T1/ptm.
)
LaTeX Font Info:    Calculating math sizes for size <13> on input line 46.


LaTeX Font Warning: Font shape `U/matha/m/n' in size <13> not available
(Font)              size <12> substituted on input line 46.


LaTeX Font Warning: Font shape `U/matha/m/n' in size <6.5> not available
(Font)              size <6> substituted on input line 46.


LaTeX Font Warning: Font shape `U/mathb/m/n' in size <13> not available
(Font)              size <12> substituted on input line 46.


LaTeX Font Warning: Font shape `U/mathb/m/n' in size <6.5> not available
(Font)              size <6> substituted on input line 46.


LaTeX Font Warning: Font shape `U/mathx/m/n' in size <13> not available
(Font)              size <12> substituted on input line 46.


LaTeX Font Warning: Font shape `U/mathx/m/n' in size <6.5> not available
(Font)              size <6> substituted on input line 46.

LaTeX Font Info:    Calculating math sizes for size <11> on input line 46.

LaTeX Font Warning: Font shape `U/matha/m/n' in size <5.5> not available
(Font)              size <5> substituted on input line 46.


LaTeX Font Warning: Font shape `U/mathb/m/n' in size <5.5> not available
(Font)              size <5> substituted on input line 46.


LaTeX Font Warning: Font shape `U/mathx/m/n' in size <5.5> not available
(Font)              size <5> substituted on input line 46.

[1



{/var/lib/texmf/fonts/map/pdftex/updmap/pdftex.map}{/usr/share/texlive/texmf-dist/fonts/enc/dvips/base/8r.enc} <./Logo/01_ISEL-Logotipo-RGB_Horizontal-Principal-900┬║.png>] (./Chapters/resumo.tex) (./Chapters/abstract.tex [2


]) [3

] (./template.toc [4

]
LaTeX Font Info:    Trying to load font information for T1+pcr on input line 49.
 (/usr/share/texlive/texmf-dist/tex/latex/psnfss/t1pcr.fd
File: t1pcr.fd 2001/06/04 font definitions for T1/pcr.
))
\tf@toc=\write7
\openout7 = `template.toc'.

 [5] (./template.lof)
\tf@lof=\write8
\openout8 = `template.lof'.

 [6


] (./template.lot)
\tf@lot=\write9
\openout9 = `template.lot'.

 [7


] (./template.lol)
\tf@lol=\write10
\openout10 = `template.lol'.

 [8


]

Package glossaries Warning: Empty glossary for \printnoidxglossary[type={acronym}]. Rerun may be required (or you may have forgotten to use commands like \gls) on input line 53.


Package glossaries Warning: Empty glossary for \printnoidxglossary[type={main}]. Rerun may be required (or you may have forgotten to use commands like \gls) on input line 53.

\@myi=\count569
(./Chapters/chapter1.tex
Cap\'{\i }tulo 1.
) (./Chapters/chapter2.tex [1





]
Cap\'{\i }tulo 2.
[2

]) (./Chapters/chapter3.tex
LaTeX Font Info:    Trying to load font information for T1+lmr on input line 6.
 (/usr/share/texmf/tex/latex/lm/t1lmr.fd
File: t1lmr.fd 2015/05/01 v1.6.1 Font defs for Latin Modern
) [3{/usr/share/texmf/fonts/enc/dvips/lm/lm-ec.enc}]
Cap\'{\i }tulo 3.
[4

]) (./Chapters/chapter4.tex [5]
Cap\'{\i }tulo 4.
) (./Chapters/chapter5.tex [6

]
Cap\'{\i }tulo 5.
) (./Chapters/chapter6.tex [7

]
Cap\'{\i }tulo 6.
) (./Chapters/example_chapter1.tex [8

]
Cap\'{\i }tulo 7.

Overfull \hbox (21.45209pt too wide) in paragraph at lines 25--26
[]\T1/ppl/m/n/10 Use a capa apre-sen-tada neste do-cu-mento. Com-plete a in-for-ma-��o apre-sen-tada no fi-cheiro \T1/pcr/m/n/10 datas.tex\T1/ppl/m/n/10 . 
 []

[9

]
Overfull \hbox (10.0pt too wide) in paragraph at lines 61--107
[]$[]$ $[]$ 
 []

) (./Chapters/example_chapter2.tex [10] [11]
Cap\'{\i }tulo 8.
Package hyperref Info: bookmark level for unknown todo defaults to 0 on input line 50.

Overfull \hbox (33.23146pt too wide) in paragraph at lines 58--62
\T1/ppl/m/n/8 The the-sis style in-clu-des the fol-lowing op-ti-ons (see Ta-bela [][]8.1[][]), that must be in-clu-ded in the op-ti-ons list in the \T1/pcr/m/n/8 \documentclass[options]
 []

[12

]
LaTeX Font Info:    Trying to load font information for TS1+ppl on input line 101.
 (/usr/share/texlive/texmf-dist/tex/latex/psnfss/ts1ppl.fd
File: ts1ppl.fd 2001/06/04 font definitions for TS1/ppl.
) [13]
Underfull \hbox (badness 10000) in paragraph at lines 148--149

 []

[14]) (./Chapters/example_chapter3.tex [15]
Cap\'{\i }tulo 9.
<Chapters/img/evolution_steps-vectorial.pdf, id=451, 250.9375pt x 150.5625pt>
File: Chapters/img/evolution_steps-vectorial.pdf Graphic file (type pdf)
<use Chapters/img/evolution_steps-vectorial.pdf>
Package pdftex.def Info: Chapters/img/evolution_steps-vectorial.pdf  used on input line 46.
(pdftex.def)             Requested size: 56.9055pt x 34.14159pt.

Underfull \hbox (badness 10000) in paragraph at lines 54--55

 []

[16

 <./Chapters/img/evolution_steps-vectorial.pdf>]
<Chapters/img/ra-vectorial.pdf, id=560, 327.60553pt x 331.45352pt>
File: Chapters/img/ra-vectorial.pdf Graphic file (type pdf)
<use Chapters/img/ra-vectorial.pdf>
Package pdftex.def Info: Chapters/img/ra-vectorial.pdf  used on input line 68.
(pdftex.def)             Requested size: 113.81102pt x 115.14561pt.
<Chapters/img/ra-raster.png, id=561, 328.5pt x 331.785pt>
File: Chapters/img/ra-raster.png Graphic file (type png)
<use Chapters/img/ra-raster.png>
Package pdftex.def Info: Chapters/img/ra-raster.png  used on input line 75.
(pdftex.def)             Requested size: 113.81102pt x 114.94688pt.
Package hyperref Info: bookmark level for unknown lstlisting defaults to 0 on input line 93.
 (./Chapters/scripts/Calculadora.java
LaTeX Font Info:    Trying to load font information for TS1+pcr on input line 11.
 (/usr/share/texlive/texmf-dist/tex/latex/psnfss/ts1pcr.fd
File: ts1pcr.fd 2001/06/04 font definitions for TS1/pcr.
))) [17 <./Chapters/img/ra-vectorial.pdf> <./Chapters/img/ra-raster.png>]
Underfull \hbox (badness 10000) in paragraph at lines 59--59
 |\T1/ppl/b/n/24.88 Refer�ncias|
 []

[18


]
\@myi=\count570
 (./Appendixes/appendix1.tex
Ap\^endice A.

Underfull \hbox (badness 10000) in paragraph at lines 1--1
 |\T1/ppl/b/n/20.74 Ap�ndice A|
 []


Overfull \hbox (1.21628pt too wide) in paragraph at lines 1--1
 |\T1/ppl/b/n/24.88 Applied Sur-vi-val Analy-sis by Hos-mer
 []


Underfull \hbox (badness 10000) in paragraph at lines 1--1
 \T1/ppl/b/n/24.88 and Le-meshow|
 []


pdfTeX warning (ext4): destination with the same identifier (name{page.i}) has been already used, duplicate ignored
<to be read again> 
                   \relax 
l.39 ord<-
          order(age) [1


])
pdfTeX warning (ext4): destination with the same identifier (name{page.ii}) has been already used, duplicate ignored
<to be read again> 
                   \relax 
l.65 \clearpage
                [2] (./template.aux)
 ***********
LaTeX2e <2023-11-01> patch level 1
L3 programming layer <2024-01-22>
 ***********


LaTeX Font Warning: Size substitutions with differences
(Font)              up to 1.0pt have occurred.


LaTeX Warning: There were multiply-defined labels.

Package rerunfilecheck Info: File `template.out' has not changed.
(rerunfilecheck)             Checksum: 267892419020FB0BB5A49497E1F9E597;5819.
Package logreq Info: Writing requests to 'template.run.xml'.
\openout1 = `template.run.xml'.

 ) 
Here is how much of TeX's memory you used:
 49675 strings out of 474222
 922564 string characters out of 5748733
 2128975 words of memory out of 5000000
 70805 multiletter control sequences out of 15000+600000
 692299 words of font info for 285 fonts, out of 8000000 for 9000
 1142 hyphenation exceptions out of 8191
 109i,16n,107p,2385b,2846s stack positions out of 10000i,1000n,20000p,200000b,200000s

pdfTeX warning (dest): name{Hfootnote.2} has been referenced but does not exist, replaced by a fixed one


pdfTeX warning (dest): name{Hfootnote.1} has been referenced but does not exist, replaced by a fixed one

</usr/share/texmf/fonts/type1/public/lm/lmcsc10.pfb></usr/share/texmf/fonts/type1/public/lm/lmr8.pfb></usr/share/texlive/texmf-dist/fonts/type1/public/mathabx-type1/matha10.pfb></usr/share/texlive/texmf-dist/fonts/type1/public/mathabx-type1/matha6.pfb></usr/share/texlive/texmf-dist/fonts/type1/public/mathabx-type1/matha7.pfb></usr/share/texlive/texmf-dist/fonts/type1/public/mathabx-type1/matha8.pfb></usr/share/texlive/texmf-dist/fonts/type1/public/mathabx-type1/mathb10.pfb></usr/share/texlive/texmf-dist/fonts/type1/public/txfonts/rtxmi.pfb></usr/share/texlive/texmf-dist/fonts/type1/public/txfonts/txmia.pfb></usr/share/texlive/texmf-dist/fonts/type1/urw/courier/ucrb8a.pfb></usr/share/texlive/texmf-dist/fonts/type1/urw/courier/ucrr8a.pfb></usr/share/texlive/texmf-dist/fonts/type1/urw/palatino/uplb8a.pfb></usr/share/texlive/texmf-dist/fonts/type1/urw/palatino/uplr8a.pfb></usr/share/texlive/texmf-dist/fonts/type1/urw/palatino/uplr8a.pfb></usr/share/texlive/texmf-dist/fonts/type1/urw/palatino/uplri8a.pfb></usr/share/texlive/texmf-dist/fonts/type1/urw/times/utmb8a.pfb></usr/share/texlive/texmf-dist/fonts/type1/urw/times/utmr8a.pfb></usr/share/texlive/texmf-dist/fonts/type1/urw/times/utmri8a.pfb>
Output written on template.pdf (28 pages, 635831 bytes).
PDF statistics:
 749 PDF objects out of 1000 (max. 8388607)
 645 compressed objects within 7 object streams
 170 named destinations out of 1000 (max. 500000)
 385 words of extra memory for PDF output out of 10000 (max. 10000000)

